x,band_0.429,band_0.456,band_0.487
0.0,3.9405849814260156e-45,6.765524179769433e-51,5.985739187692003e-58
0.001001001001001001,6.34658153418392e-45,1.1228519378515136e-50,1.0282834315380866e-57
0.002002002002002002,1.0210229729295101e-44,1.8614870496710078e-50,1.7645110023615996e-57
0.003003003003003003,1.6407697773549757e-44,3.082577680433133e-50,3.0244916316590733e-57
0.004004004004004004,2.633760414240451e-44,5.098994270200966e-50,5.178415426408809e-57
0.005005005005005005,4.2230027862644254e-44,8.425030899677237e-50,8.856413236664455e-57
0.006006006006006006,6.763678470650968e-44,1.3905127161518356e-49,1.512987503389643e-56
0.007007007007007007,1.0820841214310361e-43,2.2924238138514505e-49,2.581839813478139e-56
0.008008008008008008,1.7292412164470424e-43,3.775125047394097e-49,4.400882062729372e-56
0.009009009009009009,2.7603656638567022e-43,6.2098949907017884e-49,7.4931883795611605e-56
0.01001001001001001,4.401433441199556e-43,1.0203605397976496e-48,1.27441259712047e-55
0.011011011011011011,7.0103248813758516e-43,1.674709706475817e-48,2.1650600399300153e-55
0.012012012012012012,1.115317804943975e-42,2.745629320881184e-48,3.674060616001776e-55
0.013013013013013013,1.7724565987760402e-42,4.496356677361227e-48,6.2278647717248664e-55
0.014014014014014014,2.8136434886962708e-42,7.355227147912119e-48,1.0545046879658359e-54
0.015015015015015015,4.461480615040379e-42,1.2018434697832902e-47,1.783505034703208e-54
0.016016016016016016,7.06651746597335e-42,1.9616260074030506e-47,3.013121529008534e-54
0.017017017017017015,1.1180168452096097e-41,3.19816596756732e-47,5.0848183340984034e-54
0.018018018018018018,1.7668827939816838e-41,5.208375271908407e-47,8.571379388583547e-54
0.01901901901901902,2.789225455248796e-41,8.47266476394408e-47,1.443253034664571e-53
0.02002002002002002,4.3982102115802455e-41,1.376747390353244e-46,2.4274524098677e-53
0.02102102102102102,6.927632309860863e-41,2.2346267064550847e-46,4.078265104593796e-53
0.022022022022022022,1.0899589945437101e-40,3.6230321816604904e-46,6.844105042096252e-53
0.023023023023023025,1.7129787450287601e-40,5.867537617470827e-46,1.1472930518875367e-52
0.024024024024024024,2.6891205576847355e-40,9.491963456279738e-46,1.9210936857401053e-52
0.025025025025025023,4.216819926145832e-40,1.5338140670639758e-45,3.213210738429477e-52
0.026026026026026026,6.605053232259838e-40,2.475744708490767e-45,5.368418432462643e-52
0.02702702702702703,1.033437157761358e-39,3.9916778719886236e-45,8.959215686238698e-52
0.028028028028028028,1.615133062707686e-39,6.428676878194345e-45,1.4935167898550093e-51
0.029029029029029027,2.5214422529297653e-39,1.0341991884237713e-44,2.4869480334084258e-51
0.03003003003003003,3.9319340876290714e-39,1.6618938157481624e-44,4.1365644543685466e-51
0.031031031031031032,6.124630824649703e-39,2.6675884898985264e-44,6.872731302941644e-51
0.03203203203203203,9.529499390417736e-39,4.277114552900071e-44,1.1406053868318264e-50
0.03303303303303303,1.4810739434526238e-38,6.850139459045931e-44,1.8908538217475588e-50
0.03403403403403403,2.299322453476256e-38,1.0958836017273771e-43,3.1311002801672566e-50
0.035035035035035036,3.5656565036715334e-38,1.7512410454735642e-43,5.179078365442901e-50
0.036036036036036036,5.523261559723159e-38,2.7953996786686775e-43,8.55705792532474e-50
0.037037037037037035,8.546104542377672e-38,4.457161578830854e-43,1.4122544287163958e-49
0.03803803803803804,1.3208614830082315e-37,7.09887173935892e-43,2.3281872299137476e-49
0.03903903903903904,2.039214145825106e-37,1.1293713462305573e-42,3.833887317595059e-49
0.04004004004004004,3.144740965886037e-37,1.7947364544789214e-42,6.3063383772833125e-49
0.04104104104104104,4.844214945537507e-37,2.8489254681568903e-42,1.0361715873305952e-48
0.04204204204204204,7.453811683313404e-37,4.5172900298627107e-42,1.7006015594740495e-48
0.043043043043043044,1.1456445975079745e-36,7.154698652790005e-42,2.787981904370216e-48
0.044044044044044044,1.7588868038721472e-36,1.131934252688721e-41,4.565557452352465e-48
0.04504504504504504,2.697381370878128e-36,1.7888237055035408e-41,7.468169356354269e-48
0.04604604604604605,4.132028430057028e-36,2.823776795380824e-41,1.220256100761779e-47
0.04704704704704705,6.322673159214329e-36,4.452558894332694e-41,1.9916100142971822e-47
0.04804804804804805,9.663949403000823e-36,7.013026245633706e-41,3.2469387716281834e-47
0.04904904904904905,1.4754518686400356e-35,1.103361281359949e-40,5.287621756616525e-47
0.050050050050050046,2.2501523831172894e-35,1.7339896443510817e-40,8.601281209550282e-47
0.05105105105105105,3.4277986027000294e-35,2.7220227032383233e-40,1.3975984055767665e-46
0.05205205205205205,5.215970767682607e-35,4.268285595714039e-40,2.2683921222287213e-46
0.05305305305305305,7.928143168836092e-35,6.685465970798362e-40,3.677649601786432e-46
0.05405405405405406,1.2037167492068152e-34,1.0459872200755012e-39,5.955785528956256e-46
0.055055055055055056,1.8255494732956578e-34,1.6346981010082477e-39,9.634390300733223e-46
0.056056056056056056,2.765536498629729e-34,2.5519092253820815e-39,1.5567752056901703e-45
0.057057057057057055,4.1848670564811384e-34,3.979324628031021e-39,2.5127197891344733e-45
0.058058058058058054,6.325581003486706e-34,6.198263023908963e-39,4.051153490788659e-45
0.05905905905905906,9.550710062954248e-34,9.643776071750699e-39,6.524238371503479e-45
0.06006006006006006,1.4404141687508602e-33,1.4987897606181798e-38,1.0495362087871004e-44
0.06106106106106106,2.1699793064239277e-33,2.3267557796892497e-38,1.6864812469401566e-44
0.062062062062062065,3.265429290084433e-33,3.6080900608878555e-38,2.7069615714657156e-44
0.06306306306306306,4.9084170906478605e-33,5.588823846477904e-38,4.3400941285171685e-44
0.06406406406406406,7.369857986572009e-33,8.647288674602819e-38,6.950766364247336e-44
0.06506506506506507,1.1053333228160004e-32,1.3364600384658188e-37,1.1119434912640016e-43
0.06606606606606606,1.6559373077521127e-32,2.063233979071185e-37,1.7768437020835468e-43
0.06706706706706707,2.4780553498450686e-32,3.1816871182609287e-37,2.8361697561893328e-43
0.06806806806806806,3.70420145807307e-32,4.900980130005782e-37,4.522011889303032e-43
0.06906906906906907,5.530885631864678e-32,7.540929800863003e-37,7.201909541593746e-43
0.07007007007007007,8.249188773060373e-32,1.1589997388707922e-36,1.1457242584952652e-42
0.07107107107107107,1.2289785130390328e-31,1.7793372157204462e-36,1.8206607884451635e-42
0.07207207207207207,1.8289162633954165e-31,2.7286615459617836e-36,2.889977445183014e-42
0.07307307307307308,2.718690926558887e-31,4.179819837866715e-36,4.5822243807492456e-42
0.07407407407407407,4.0368474476228345e-31,6.395609503036717e-36,7.257294285516249e-42
0.07507507507507508,5.9874420313924275e-31,9.775135799511082e-36,1.1481261289763895e-41
0.07607607607607608,8.870677486064577e-31,1.4923824864708524e-35,1.8143495076978785e-41
0.07707707707707707,1.3127702972413338e-30,2.2759041734374184e-35,2.863972118953839e-41
0.07807807807807808,1.940605142388393e-30,3.4669237064234974e-35,4.5157834161398093e-41
0.07907907907907907,2.8655111189825e-30,5.275347598486153e-35,7.112362884072913e-41
0.08008008008008008,4.22652558322011e-30,8.018153414446531e-35,1.1189513215397806e-40
0.08108108108108109,6.227036197540725e-30,1.2173462605273013e-34,1.7584295129073878e-40
0.08208208208208208,9.164225401080845e-30,1.8461644102550724e-34,2.7602932212265144e-40
0.08308308308308308,1.3471830769341444e-29,2.7966821278589763e-34,4.3281465512642535e-40
0.08408408408408408,1.9782171330352678e-29,4.231870054814616e-34,6.778992919722205e-40
0.08508508508508508,2.901601607454997e-29,6.396435489853561e-34,1.0605835507053618e-39
0.08608608608608609,4.251264159802075e-29,9.657399756314801e-34,1.6574524496485996e-39
0.08708708708708708,6.221783341427312e-29,1.4564610590547582e-33,2.587341489180637e-39
0.08808808808808809,9.095533130711062e-29,2.1940879395158655e-33,4.034436753014308e-39
0.0890890890890891,1.3281830100625046e-28,3.301609206617389e-33,6.283889715102655e-39
0.09009009009009009,1.9373325036003203e-28,4.962651608741938e-33,9.776663808137647e-39
0.09109109109109109,2.8227141044915647e-28,7.451065692970943e-33,1.5193900996163096e-38
0.0920920920920921,4.108148233685919e-28,1.1174792848688759e-32,2.358654814211816e-38
0.09309309309309309,5.972302574784704e-28,1.67408326124823e-32,3.6574295222475684e-38
0.0940940940940941,8.672693189283496e-28,2.505134862693689e-32,5.665053676092143e-38
0.09509509509509509,1.258005811313814e-27,3.74456739737409e-32,8.76493250585644e-38
0.0960960960960961,1.822752891676702e-27,5.590989499821199e-32,1.3545954335407025e-37
0.0970970970970971,2.638088911486035e-27,8.338581648135107e-32,2.091159322251078e-37
0.0980980980980981,3.813884573778256e-27,1.2422590763040668e-31,3.2246391427638033e-37
0.0990990990990991,5.5075968864506845e-27,1.8486242914472047e-31,4.966970773837226e-37
0.10010010010010009,7.944621850688074e-27,2.7479043811271055e-31,7.64220303622933e-37
0.1011011011011011,1.1447240287229453e-26,4.080102387225309e-31,1.1745243446496686e-36
0.1021021021021021,1.6475737041598222e-26,6.05141574072099e-31,1.803108904684647e-36
0.1031031031031031,2.3686745214670668e-26,8.965188052339745e-31,2.765020639256305e-36
0.1041041041041041,3.4015934720082125e-26,1.3267170206456058e-30,4.23536926458588e-36
0.10510510510510511,4.879506649861509e-26,1.9611629586731703e-30,6.480382909385871e-36
0.1061061061061061,6.991750192438842e-26,2.8957798855046105e-30,9.904362777317566e-36
0.10710710710710711,1.0007195308363343e-25,4.271042532633153e-30,1.5120595472023291e-35
0.10810810810810811,1.4307222553412224e-25,6.292434876840473e-30,2.3058323828027518e-35
0.1091091091091091,2.043218318994597e-25,9.26019318114053e-30,3.5123926321769924e-35
0.11011011011011011,2.9146787767674135e-25,1.3612498599212915e-29,5.344349663984541e-35
0.1111111111111111,4.153202508336991e-25,1.9988128527679227e-29,8.122751300912311e-35
0.11211211211211211,5.911422505037244e-25,2.931722787704753e-29,1.2331841435754135e-34
0.11311311311311312,8.40460636241648e-25,4.295266907999781e-29,1.8701187796356834e-34
0.11411411411411411,1.193601177926211e-24,6.285993005908586e-29,2.832871889610635e-34
0.11511511511511512,1.69323635221746e-24,9.189124060373851e-29,4.286483561174216e-34
0.11611611611611611,2.399343417618315e-24,1.341809370151943e-28,6.47875973073747e-34
0.11711711711711711,3.396125463379962e-24,1.9571495387142339e-28,9.78135609209058e-34
0.11811811811811812,4.801661307901172e-24,2.8515020181528383e-28,1.475104369367967e-33
0.11911911911911911,6.781344450279769e-24,4.149921109676216e-28,2.2220964886946978e-33
0.12012012012012012,9.566576960232303e-24,6.032849377148513e-28,3.343640375428785e-33
0.12112112112112113,1.3480742676763502e-23,8.760353029361454e-28,5.025655238730715e-33
0.12212212212212212,1.897525199606128e-23,1.270682993745837e-27,7.545400705416063e-33
0.12312312312312312,2.6679505112901947e-23,1.8410658027660853e-27,1.1315881949499227e-32
0.12412412412412413,3.7470067096552926e-23,2.6645132783799342e-27,1.6951611553358545e-32
0.12512512512512514,5.2566329878378643e-23,3.851970483011557e-27,2.53658873720894e-32
0.12612612612612611,7.366264780314646e-23,5.562429200542378e-27,3.7914524322119676e-32
0.12712712712712712,1.0311063915035844e-22,8.023475410999735e-27,5.66079786686036e-32
0.12812812812812813,1.441704042993664e-22,1.1560511226010041e-26,8.442404711616964e-32
0.12912912912912913,2.0135630720328068e-22,1.6638265018442118e-26,1.257682944490979e-31
0.13013013013013014,2.8091235673685146e-22,2.3919688485972417e-26,1.8715121867046006e-31
0.13113113113113112,3.9146499458072327e-22,3.434942608822404e-26,2.7818302888915453e-31
0.13213213213213212,5.449184421706314e-22,4.927197096071524e-26,4.130333192998402e-31
0.13313313313313313,7.576812916242304e-22,7.059872681833369e-26,6.125704283866655e-31
0.13413413413413414,1.052344911819757e-21,1.0104394341280188e-25,9.07493350836817e-31
0.13513513513513514,1.4599773935619407e-21,1.4445753136355531e-25,1.3429113975539276e-30
0.13613613613613612,2.0232550862259326e-21,2.0629398958876583e-25,1.9850330954618747e-30
0.13713713713713713,2.800732522513386e-21,2.942723415107844e-25,2.9309244788214003e-30
0.13813813813813813,3.872657703179378e-21,4.193038006696343e-25,4.322728787618203e-30
0.13913913913913914,5.34888269946109e-21,5.96794259482542e-25,6.36836332402219e-30
0.14014014014014015,7.379611852608116e-21,8.484709141101849e-25,9.371609000583855e-30
0.14114114114114115,1.0169988211517121e-20,1.2049409530615226e-24,1.3775804571168045e-29
0.14214214214214213,1.3999865500067307e-20,1.7092715159448594e-24,2.022722332237346e-29
0.14314314314314314,1.9250577442061512e-20,2.42199269869731e-24,2.9666891941128927e-29
0.14414414414414414,2.644113801431929e-20,3.428081100641397e-24,4.346346178327053e-29
0.14514514514514515,3.627713731981666e-20,4.846696555405822e-24,6.360526443303244e-29
0.14614614614614616,4.9716707408685776e-20,6.844741581503576e-24,9.297759212717586e-29
0.14714714714714713,6.805941202282339e-20,9.655722292955986e-24,1.3576255772657144e-28
0.14814814814814814,9.306588483571414e-20,1.360595282707487e-23,1.980150555022487e-28
0.14914914914914915,1.2711866194323106e-19,1.915091987450827e-23,2.8849141666412863e-28
0.15015015015015015,1.734381365936604e-19,2.692568753402549e-23,4.198402431443161e-28
0.15115115115115116,2.363721845256409e-19,3.781468160156257e-23,6.103117305502804e-28
0.15215215215215216,3.217841311791371e-19,5.304819098063116e-23,8.862083832776394e-28
0.15315315315315314,4.375718359573516e-19,7.433565848496398e-23,1.2853946104787076e-27
0.15415415415415415,5.9436138121427265e-19,1.040495703805914e-22,1.862316878054257e-27
0.15515515515515516,8.064329967294065e-19,1.4547885486759033e-22,2.695176231155629e-27
0.15615615615615616,1.092955499394712e-18,2.0317765352127976e-22,3.8961641024053796e-27
0.15715715715715717,1.4796300874552244e-18,2.834447980417087e-22,5.6260527181814265e-27
0.15815815815815815,2.0008766317512564e-18,3.9498220099441745e-22,8.114968495088023e-27
0.15915915915915915,2.702738041216216e-18,5.497978588170237e-22,1.1691934208215431e-26
0.16016016016016016,3.6467339541829575e-18,7.644428919513315e-22,1.6826832501404577e-26
0.16116116116116116,4.914967959741342e-18,1.061704195299801e-21,2.418994408552991e-26
0.16216216216216217,6.616888026533104e-18,1.4729177782028893e-21,3.473632275113065e-26
0.16316316316316315,8.898224604673288e-18,2.0411266771002346e-21,4.982522886459297e-26
0.16416416416416416,1.1952793765572311e-17,2.82538670759515e-21,7.138899155840696e-26
0.16516516516516516,1.603806512501318e-17,3.906630356330507e-21,1.021714780506814e-25
0.16616616616616617,2.149567083728112e-17,5.3956432502609336e-21,1.460644706281874e-25
0.16716716716716717,2.8778391580540635e-17,7.443901504669887e-21,2.08581595919857e-25
0.16816816816816815,3.848562254871695e-17,1.0258278675840238e-20,2.9752527622660155e-25
0.16916916916916916,5.140992836438186e-17,1.4120980451163217e-20,4.2392422230244735e-25
0.17017017017017017,6.859808077991728e-17,1.9416533423760566e-20,6.0334967230608965e-25
0.17117117117117117,9.143098866049549e-17,2.6668280943113894e-20,8.577612332588425e-25
0.17217217217217218,1.2172824215628949e-16,3.658767667901344e-20,1.2180923941068977e-24
0.17317317317317318,1.6188468673756904e-16,5.0140784845578223e-20,1.7278678845325973e-24
0.17417417417417416,2.1504862590411636e-16,6.863788719580096e-20,2.4482587636884814e-24
0.17517517517517517,2.853540616826036e-16,9.385408276312195e-20,3.465138413257274e-24
0.17617617617617617,3.7822299502860805e-16,1.2819140773370807e-19,4.898919918600563e-24
0.17717717717717718,5.007584472701836e-16,1.7489651181397283e-19,6.918255188640338e-24
0.1781781781781782,6.622548124835447e-16,2.3835258317281754e-19,9.759089451983638e-24
0.17917917917917917,8.748597691425454e-16,3.2447038355198975e-19,1.37511336818016e-23
0.18018018018018017,1.1544317236121615e-15,4.412114204760261e-19,1.9354599697822942e-23
0.18118118118118118,1.521649205136994e-15,5.992870768237057e-19,2.7211116820695816e-23
0.18218218218218218,2.0034445110760095e-15,8.130917673492634e-19,3.821422217292036e-23
0.1831831831831832,2.6348541323388778e-15,1.1019469801563762e-18,5.360683485564689e-23
0.1841841841841842,3.461404231679477e-15,1.4917578035581385e-18,7.51158854699702e-23
0.18518518518518517,4.542182160630214e-15,2.017216081213687e-18,1.0513804581237538e-22
0.18618618618618618,5.9537865177370325e-15,2.7247270862121702e-18,1.4699565375847124e-22
0.1871871871871872,7.795400871981366e-15,3.6762926877922266e-18,2.0528894915437112e-22
0.1881881881881882,1.0195302883813253e-14,4.95465747014142e-18,2.8638029571018707e-22
0.1891891891891892,1.3319204759790377e-14,6.670120430217037e-18,3.990590632756632e-22
0.19019019019019018,1.7380927283796135e-14,8.969540573112684e-18,5.554535009375106e-22
0.19119119119119118,2.265604370414953e-14,1.2048228796123632e-17,7.722798828857577e-22
0.1921921921921922,2.9499298532383047e-14,1.616563235597402e-17,1.0725516608602328e-21
0.1931931931931932,3.836681855013544e-14,2.1665996729333807e-17,1.4879152720739992e-21
0.1941941941941942,4.98443998662418e-14,2.900555186287711e-17,2.0618386061499695e-21
0.19519519519519518,6.468348916868338e-14,3.8788240204884594e-17,2.8539582585040705e-21
0.1961961961961962,8.384689604386691e-14,5.181261407022983e-17,3.9459997253868424e-21
0.1971971971971972,1.0856679701301935e-13,6.913332033594011e-17,5.449830166111201e-21
0.1981981981981982,1.4041824624477296e-13,9.214161316221472e-17,7.518399007354698e-21
0.1991991991991992,1.8141222418429718e-13,1.2267065694009748e-16,1.0360584477592017e-20
0.20020020020020018,2.3411327232670773e-13,1.631330871088163e-16,1.4261316757847748e-20
0.2012012012012012,3.017880277078812e-13,2.167004945966618e-16,1.960882090754359e-20
0.2022022022022022,3.8859254292616064e-13,2.875373291180739e-16,2.6931455043527778e-20
0.2032032032032032,4.998082284483287e-13,3.8110535409085205e-16,3.6947464449557204e-20
0.2042042042042042,6.421386715421332e-13,5.045594562890366e-16,5.0632100643747856e-20
0.20520520520520522,8.240825779822574e-13,6.672616020701955e-16,6.930805892595438e-20
0.2062062062062062,1.0564017800627103e-12,8.814474013881326e-16,9.476719146925375e-20
0.2072072072072072,1.3527078176074838e-12,1.1630895498186636e-15,1.2943411783539552e-19
0.2082082082082082,1.7301962226564785e-12,1.5330149482290719e-15,1.765858947355979e-19
0.2092092092092092,2.2105645604603504e-12,2.0183482832833303e-15,2.4064660347029773e-19
0.21021021021021022,2.8211587872359038e-12,2.6543752155595422e-15,3.2758193695010925e-19
0.2112112112112112,3.596402927775396e-12,3.486944232290521e-15,4.454271046286261e-19
0.2122122122122122,4.579579875823812e-12,4.575559146609567e-15,6.049922605577975e-19
0.2132132132132132,5.8250467875329215e-12,5.997356009315224e-15,8.20804032049339e-19
0.21421421421421422,7.400987689130648e-12,7.852211157269074e-15,1.1123606762171297e-18
0.21521521521521522,9.392829296155968e-12,1.0269294155125532e-14,1.505803345652332e-18
0.21621621621621623,1.1907474535707263e-11,1.3415464123736871e-14,2.0361387639030898e-18
0.2172172172172172,1.507854294703493e-11,1.7506014924757785e-14,2.7501917213494594e-18
0.2182182182182182,1.9072849294851352e-11,2.2818409546296344e-14,3.710522357988586e-18
0.21921921921921922,2.4098402902856305e-11,2.970981386130831e-14,5.000617302161757e-18
0.22022022022022023,3.041427224175079e-11,3.86394534843848e-14,6.731760705094993e-18
0.22122122122122123,3.8342734381893555e-11,5.0197085637943444e-14,9.052117947723709e-18
0.2222222222222222,4.8284219661726634e-11,6.513921428593595e-14,1.2158730226552288e-17
0.22322322322322322,6.073567144121414e-11,8.443509806673468e-14,1.6313333890143584e-17
0.22422422422422422,7.631307280093103e-11,1.0932512749964878e-13,2.1863199196106102e-17
0.22522522522522523,9.577905089488404e-11,1.4139480617949423e-13,2.9268548298576943e-17
0.22622622622622623,1.2007666055682133e-10,1.826683918289479e-13,3.9138586489849216e-17
0.2272272272272272,1.5037067782744907e-10,2.3572727610131004e-13,5.227879580772248e-17
0.22822822822822822,1.88098008548023e-10,3.038594548349679e-13,6.975293691822472e-17
0.22922922922922923,2.3502914557558467e-10,3.9124802191714486e-13,9.296423605974921e-17
0.23023023023023023,2.933430005365276e-10,5.032085822188384e-13,1.2376156585648145e-16
0.23123123123123124,3.657179041100858e-10,6.464879106454805e-13,1.6457814775354982e-16
0.23223223223223222,4.554421264047585e-10,8.296391933600162e-13,2.186125192525051e-16
0.23323323323323322,5.665479321812212e-10,1.0634929057505378e-12,2.9006436078042554e-16
0.23423423423423423,7.039739733123833e-10,1.3617469707813557e-12,3.8444144292006915e-16
0.23523523523523523,8.737617549001021e-10,1.7417054970745244e-12,5.089586613092263e-16
0.23623623623623624,1.0832930174236948e-09,2.225202356811698e-12,6.730561614555248e-16
0.23723723723723725,1.3415761848344236e-09,2.8397544187201438e-12,8.890712839613369e-16
0.23823823823823823,1.6595915720143746e-09,3.6199997517831637e-12,1.173108944576548e-15
0.23923923923923923,2.050706864271287e-09,4.6094889854231355e-12,1.5461676880739386e-15
0.24024024024024024,2.5311765224936536e-09,5.862913764745542e-12,2.035594759271207e-15
0.24124124124124124,3.1207412832122004e-09,7.448875493981771e-12,2.6769640511425046e-15
0.24224224224224225,3.843346874050548e-09,9.453321063201676e-12,3.5164968938677996e-15
0.24324324324324323,4.728004521881875e-09,1.1983800899630104e-11,4.614178818301237e-15
0.24424424424424424,5.809819873645694e-09,1.5174739552682174e-11,6.04776752039683e-15
0.24524524524524524,7.131221669947896e-09,1.9193951402802407e-11,7.917940600603153e-15
0.24624624624624625,8.743427013972554e-09,2.425068552473118e-11,1.0354899174952019e-14
0.24724724724724725,1.0708186482131958e-08,3.0605546084343806e-11,1.3526828807308705e-14
0.24824824824824826,1.3099859763823176e-08,3.858271011063775e-11,1.7650726961857175e-14
0.24924924924924924,1.6007881149387054e-08,4.8584955689090815e-11,2.3006242019801307e-14
0.2502502502502503,1.953968418186402e-08,6.111212369612433e-11,2.995333994498471e-14
0.25125125125125125,2.382416634587353e-08,7.678376884998744e-11,3.895482975467522e-14
0.25225225225225223,2.901578800725046e-08,9.63669154939649e-11,5.060504903192422e-14
0.25325325325325326,3.5299415188719696e-08,1.2081002536508653e-10,6.566634942540745e-14
0.25425425425425424,4.2896033448841796e-08,1.5128451479489917e-10,8.51154462977075e-14
0.2552552552552553,5.206948043576227e-08,1.8923543460488792e-10,1.1020222728318589e-13
0.25625625625625625,6.313436796205221e-08,2.3644325595673083e-10,1.425242772978599e-13
0.25725725725725723,7.646539107969028e-08,2.9509909966034436e-10,1.8412120433008393e-13
0.25825825825825827,9.250825205497347e-08,3.678962167431807e-10,2.3759388033629563e-13
0.25925925925925924,1.1179246182799057e-07,4.581410882841624e-10,3.062549929963984e-13
0.2602602602602603,1.3494632101575063e-07,5.69888178806144e-10,3.943188961858436e-13
0.26126126126126126,1.6271442736032601e-07,7.081031688068022e-10,5.071407224526792e-13
0.26226226226226224,1.9597810736833958e-07,8.788604303263857e-10,6.515171685347434e-13
0.26326326326326327,2.357792274295841e-07,1.089581620439459e-09,8.360643938392848e-13
0.26426426426426425,2.8334790469766025e-07,1.3493235809936448e-09,1.0716922147265066e-12
0.2652652652652653,3.401347112862513e-07,1.6691252833194653e-09,1.372198396428076e-12
0.26626626626626626,4.078480477712665e-07,2.0624253839406897e-09,1.755012536774598e-12
0.26726726726726724,4.884974545516917e-07,2.5455641076549433e-09,2.242126041442577e-12
0.2682682682682683,5.844437333416452e-07,3.1383857008978527e-09,2.861253300289699e-12
0.26926926926926925,6.984568670458993e-07,3.86496066223012e-09,3.647279741393736e-12
0.2702702702702703,8.337828556855545e-07,4.754450428335375e-09,4.644065390677843e-12
0.27127127127127126,9.942207301331872e-07,5.84214125358638e-09,5.90668841650403e-12
0.27227227227227224,1.1842111655000723e-06,7.170678761090747e-09,7.504232512920754e-12
0.2732732732732733,1.4089382934645803e-06,8.791540168236654e-09,9.523245622335915e-12
0.27427427427427425,1.6744465090722304e-06,1.0766787619797881e-08,1.2072026320319886e-11
0.2752752752752753,1.9877742840531e-06,1.3171153532648412e-08,1.5285929265333955e-11
0.27627627627627627,2.3571072370066612e-06,1.6094517522326868e-08,1.9333923753329073e-11
0.2772772772772773,2.7919529724432924e-06,1.9644844517660372e-08,2.442669116640013e-11
0.2782782782782783,3.3033404871916156e-06,2.395166527249152e-08,3.082660982458632e-11
0.27927927927927926,3.904047255629608e-06,2.917019387530936e-08,3.886005165851041e-11
0.2802802802802803,4.6088574460769225e-06,3.548619228780309e-08,4.89325068603843e-11
0.28128128128128127,5.434855090954592e-06,4.312170969186078e-08,6.15471633853919e-11
0.2822822822822823,6.401756434333397e-06,5.234184480429166e-08,7.732770159763762e-11
0.2832832832832833,7.532286113496309e-06,6.346270267869892e-08,9.704622491066566e-11
0.28428428428428426,8.85260229721272e-06,7.686074424312387e-08,1.2165744020116794e-10
0.2852852852852853,1.0392776403433994e-05,9.298375735146952e-08,1.5234043326677205e-10
0.2862862862862863,1.218733355369147e-05,1.1236371293376712e-07,1.905496619587769e-10
0.2872872872872873,1.4275860490927185e-05,1.3563180944186964e-07,2.3807712145036697e-10
0.2882882882882883,1.670368829174907e-05,1.6353605378292303e-07,2.9712803251421454e-10
0.28928928928928926,1.9522657842711525e-05,1.9696177794933367e-07,3.7041287655165517e-10
0.2902902902902903,2.279197672218357e-05,2.3695554828643393e-07,4.612591643481562e-10
0.2912912912912913,2.6579176833137354e-05,2.84752989546486e-07,5.737469953959807e-10
0.2922922922922923,3.096118286557947e-05,3.4181111938387305e-07,7.128732601210562e-10
0.2932932932932933,3.602550242739734e-05,4.098458716434066e-07,8.84750280616824e-10
0.29429429429429427,4.187154946541403e-05,4.908755796436788e-07,1.0968458022828103e-09
0.2952952952952953,4.861211339972158e-05,5.872712946932269e-07,1.35827256900263e-09
0.2962962962962963,5.6374987208332015e-05,7.018149314040553e-07,1.6801372728511133e-09
0.2972972972972973,6.530476851907834e-05,8.377663611611644e-07,2.075960505913869e-09
0.2982982982982983,7.556484858364824e-05,9.98940719613523e-07,2.562181502965867e-09
0.29929929929929927,8.733960481551717e-05,1.18979735458582e-06,3.158764002897941e-09
0.3003003003003003,0.0001008368133588628,1.415542018745069e-06,3.8899225353347765e-09
0.3013013013013013,0.00011629029890740295,1.6822441081255763e-06,4.784991927405046e-09
0.3023023023023023,0.00013396283969718692,1.996970964698894e-06,5.8794669049331844e-09
0.3033033033033033,0.0001541493462406552,2.3679415000897508e-06,7.2162434248684925e-09
0.30430430430430433,0.00017718033293444342,2.8047016598293556e-06,8.847098927053706e-09
0.3053053053053053,0.0002034257021421583,3.3183245347508933e-06,1.0834455153610493e-08
0.3063063063063063,0.00023329886070614045,3.9216382398152575e-06,1.32534746898454e-08
0.3073073073073073,0.00026726118905757594,4.629485022309371e-06,1.6194551086500255e-08
0.3083083083083083,0.00030582688314939404,5.4590154324409e-06,1.9766262504630563e-08
0.30930930930930933,0.00034956818930684914,6.43002179121638e-06,2.4098870479217874e-08
0.3103103103103103,0.0003991210517504044,7.565315624373123e-06,2.9348458848668458e-08
0.3113113113113113,0.00045519119196794694,8.891154198114133e-06,3.570182339507728e-08
0.3123123123123123,0.0005185606382695452,1.0437721793332335e-05,4.3382240565325176e-08
0.3133133133133133,0.0005900947227194524,1.2239671890522141e-05,5.265626410977496e-08
0.31431431431431434,0.0006707495611766705,1.433673700796755e-05,6.384172193390805e-08
0.3153153153153153,0.0007615800303569427,1.677441354099193e-05,7.731711229847682e-08
0.3163163163163163,0.0008637482536258648,1.9604729589583085e-05,9.353262915839979e-08
0.3173173173173173,0.0009785326046143237,2.2887104434545873e-05,1.1302308137837844e-07
0.3183183183183183,0.00110733723468553,2.668930902694049e-05,1.3642301033267781e-07
0.31931931931931934,0.0012517021267493518,3.108853758971445e-05,1.6448435556911254e-07
0.3203203203203203,0.0014133136738885307,3.617260119115936e-05,1.980970694309563e-07
0.3213213213213213,0.0015940157767101403,4.2041254933403305e-05,2.3831313948314897e-07
0.32232232232232233,0.0017958214482425674,4.880767120084755e-05,2.863745430409814e-07
0.3233233233233233,0.0020209249095482847,5.6600072227678306e-05,3.437457318769241e-07
0.32432432432432434,0.0022717141530025704,6.556353606353477e-05,4.121513281782523e-07
0.3253253253253253,0.0025507839433909743,7.586199083419042e-05,4.936198060089252e-07
0.3263263263263263,0.0028609492196039555,8.768041300055395e-05,5.905340369291791e-07
0.32732732732732733,0.0032052588517591835,0.00010122724610386412,7.056896951524866e-07
0.3283283283283283,0.003587009700075608,0.0001167370572357395,8.423626478504688e-07
0.32932932932932935,0.0040097609127787625,0.00013447344917536492,1.0043866012004627e-06
0.3303303303303303,0.004477348390763185,0.0001547322467774851,1.1962424338219141e-06
0.3313313313313313,0.004993899336717975,0.00017784497675770022,1.4231608277457031e-06
0.33233233233233234,0.00556384679598152,0.0002041826604874327,1.6912400044361674e-06
0.3333333333333333,0.006191944085595874,0.0002341599397602709,2.0075805911230354e-06
0.33433433433433435,0.006883278996951104,0.00026823955570280287,2.3804398823167494e-06
0.3353353353353353,0.007643287646127256,0.00030693720105336733,2.8194080244186443e-06
0.3363363363363363,0.00847776783465828,0.0003508267658973435,3.3356089393511792e-06
0.33733733733733734,0.009392891772058693,0.0004005459966012618,3.941929117657978e-06
0.3383383383383383,0.010395218000198363,0.0004568025871035418,4.6532777540717805e-06
0.33933933933933935,0.01149170234861167,0.0005203807208684349,5.48688207056212e-06
0.34034034034034033,0.012689707739227058,0.0005921480806626687,6.46262207471296e-06
0.34134134134134136,0.013997012648964776,0.000673063341841867,7.603409436175878e-06
0.34234234234234234,0.015421818029327416,0.0007641841630052954,8.93561563196163e-06
0.3433433433433433,0.016972752473688582,0.0008666756856635181,1.0489555013337151e-05
0.34434434434434436,0.018658875415638175,0.0009818195519334558,1.2300028983683284e-05
0.34534534534534533,0.020489678135668717,0.0011110234462010041,1.4406938048139554e-05
0.34634634634634637,0.022475082348874062,0.0012558311631447562,1.685596910214074e-05
0.34734734734734735,0.024625436143372047,0.0014179332004694398,1.969936596651474e-05
0.3483483483483483,0.026951507038066234,0.0015991778701320964,2.2996791850676997e-05
0.34934934934934936,0.02946447192930385,0.00180158291673618,2.6816293131004975e-05
0.35035035035035034,0.03217590369917578,0.002027347626103325,3.123537456649607e-05
0.35135135135135137,0.035097754263812515,0.0022788654007971573,3.634219683532274e-05
0.35235235235235235,0.038242333848221996,0.0025587367725602465,4.223690806008424e-05
0.3533533533533533,0.041622286285171374,0.0028697828142356624,4.903312179176823e-05
0.35435435435435436,0.04525056014944288,0.0032150589057811253,5.685955473690738e-05
0.35535535535535534,0.049140375555643184,0.003597868800462658,6.586183833244648e-05
0.3563563563563564,0.05330518646769486,0.004021778928255738,7.62045190904023e-05
0.35735735735735735,0.05775863839125046,0.004490632863915254,8.807326344031967e-05
0.35835835835835833,0.06251452134660745,0.005008565877143705,0.00010167728358125349
0.35935935935935936,0.06758671804922907,0.005580019471836451,0.00011725200160453902
0.36036036036036034,0.07298914725769723,0.006209755810578872,0.00013506196985049732
0.3613613613613614,0.07873570228474279,0.006902871909483252,0.00015540406610152363
0.36236236236236236,0.08484018470579295,0.007664813477166637,0.00017861098277397678
0.36336336336336333,0.09131623334112376,0.008501388260286034,0.00020505502973398475
0.36436436436436437,0.09817724863194353,0.009418778746665734,0.00023515227070759818
0.36536536536536535,0.10543631257736766,0.010423554065801,0.00026936701346245203
0.3663663663663664,0.11310610444794184,0.011522680915532409,0.00030821667398321005
0.36736736736736736,0.12119881254177463,0.012723533333097647,0.00035227703472184255
0.3683683683683684,0.12972604230111381,0.014033901118746703,0.00040218791665077094
0.36936936936936937,0.13869872115981963,0.015461996710804962,0.00045865928425432867
0.37037037037037035,0.1481270005452715,0.017016460302676454,0.0005224778017342278
0.3713713713713714,0.1580201555111751,0.018706362984963996,0.0005945138575479101
0.37237237237237236,0.1683864825300391,0.020541207689846026,0.0006757290729156165
0.3733733733733734,0.17923319602513726,0.022530927710279113,0.0007671843080921854
0.3743743743743744,0.19056632427092893,0.024685882563682534,0.0008700481779728076
0.37537537537537535,0.2023906053376276,0.027016850968718073,0.0009856060859589856
0.3763763763763764,0.2147093837991135,0.02953502070477756,0.0011152697819219964
0.37737737737737737,0.22752450896315113,0.032251975127043475,0.0012605874465395624
0.3783783783783784,0.24083623541816873,0.03517967611566212,0.0014232543002210172
0.3793793793793794,0.25464312672103384,0.03833044324583483,0.0016051237302534879
0.38038038038038036,0.2689419630747867,0.04171692897666444,0.0018082189246774714
0.3813813813813814,0.2837276538634278,0.04535208967050105,0.0020347449957166994
0.38238238238238237,0.2989931559221853,0.049249152271464834,0.00228710156933394
0.3833833833833834,0.31472939842561076,0.05342157649185666,0.0025678958106540102
0.3843843843843844,0.33092521527188995,0.05788301237836509,0.0028799558475863423
0.38538538538538536,0.34756728582964236,0.0626472531564043,0.003226344546999996
0.3863863863863864,0.3646400848927029,0.06772818328052892,0.003610373589264697
0.38738738738738737,0.38212584265887806,0.07313972165167923,0.004035617777896681
0.3883883883883884,0.40000451551017463,0.078895759997911,0.004505929511467098
0.3893893893893894,0.4182537683244536,0.08501009645413729,0.005025453334883332
0.39039039039039036,0.436848968992017,0.09149636441813193,0.00559864047669328
0.3913913913913914,0.4557631957452494,0.09836795680434919,0.006230263268246879
0.3923923923923924,0.4749672578355457,0.1056379458638096,0.0069254293294550365
0.3933933933933934,0.494429730009609,0.11331899878704853,0.007689595394596639
0.3943943943943944,0.514117001147257,0.12142328935757028,0.008528580640234453
0.39539539539539537,0.5339933373258439,0.1299624059750548,0.009448579365925379
0.3963963963963964,0.5540209594727641,0.13894725642019995,0.010456172867162775
0.3973973973973974,0.574160135658251,0.14838796978616278,0.011558340329009672
0.3983983983983984,0.5943692879665797,0.1582937960545034,0.012762468558311887
0.3993993993993994,0.6146051137657738,0.16867300384578363,0.014076360362373586
0.40040040040040037,0.6348227210752388,0.17953277692599948,0.015508241372708884
0.4014014014014014,0.6549757776082674,0.1908791100991179,0.01706676510411425
0.4024024024024024,0.675016672943499,0.20271670516261467,0.01876101603203326
0.4034034034034034,0.6948966931572959,0.21504886764635672,0.020600510465189344
0.4044044044044044,0.7145662071288326,0.22787740509478327,0.022595194985935783
0.40540540540540543,0.7339748636129619,0.2412025276875401,0.02475544222792337
0.4064064064064064,0.7530717980636433,0.2550227520237366,0.027092043759691986
0.4074074074074074,0.771805848084461,0.26933480891936235,0.029616199843870563
0.4084084084084084,0.7901257762834926,0.2841335560853605,0.03233950584498545
0.4094094094094094,0.8079804992189505,0.29941189656498635,0.035273935064633076
0.41041041041041043,0.8253193210406105,0.3151607038127982,0.038431817791126886
0.4114114114114114,0.8420921703611313,0.33136875429345086,0.041825816361834495
0.4124124124124124,0.8582498388320673,0.34802266846611773,0.04546889605043766
0.4134134134134134,0.8737442198523236,0.365106860999355,0.04937429160836026
0.4144144144144144,0.8885285458029826,0.38260350103147717,0.053555469309746154
0.41541541541541543,0.9025576221822947,0.40049248325278125,0.05802608437267379
0.4164164164164164,0.9157880570086917,0.418751410538161,0.0627999336557999
0.4174174174174174,0.9281784838683436,0.4373555888019719,0.0678909035593604
0.4184184184184184,0.9396897770070745,0.4562780346813835,0.0733129130923408
0.4194194194194194,0.9502852569045146,0.47548949658033873,0.07907985210363061
0.42042042042042044,0.9599308848209568,0.4949584895238784,0.0852055147139511
0.4214214214214214,0.968595444874178,0.5146513441824347,0.0917035280271254
0.4224224224224224,0.9762507122840741,0.5345322703284904,0.09858727624367573
0.42342342342342343,0.9828716065165626,0.5545634348841872,0.10586982034646876
0.4244244244244244,0.988436328164163,0.5747050546090792,0.11356381357694458
0.42542542542542544,0.9929264785179241,0.5949155033629934,0.12168141297097468
0.4264264264264264,0.9963271609128883,0.6151514337608779,0.13023418727519304
0.4274274274274274,0.9986270630658839,0.6353679129157673,0.13923302161735165
0.42842842842842843,0.9998185197687361,0.655518571843491,0.1486880193572911
0.4294294294294294,0.9998975554506568,0.6755557679798997,0.15860840159806375
0.43043043043043044,0.9988639062790652,0.695430760139291,0.1690024048889834
0.4314314314314314,0.9967210216268952,0.7150938951226321,0.1798771777033049
0.43243243243243246,0.9934760448949713,0.7344948050675442,0.19123867632232017
0.43343343343343343,0.9891397738386676,0.7535826145198834,0.203091560804143
0.4344344344344344,0.9837266007072119,0.7723061561006654,0.21543909175882597
0.43543543543543545,0.9772544326600583,0.7906141935430278,0.22828302869092537
0.4364364364364364,0.969744593076192,0.8084556507833243,0.24162353070566558
0.43743743743743746,0.961221704517523,0.8257798457093086,0.2554590604047455
0.43843843843843844,0.9517135542453102,0.8425367270977556,0.26978629182194036
0.4394394394394394,0.941250943317425,0.858677113214883,0.2846000232664847
0.44044044044044045,0.9298675204130753,0.874152930506237,0.2998930959530704
0.44144144144144143,0.9175996016392076,0.8889174507692427,0.3156563193007964
0.44244244244244246,0.9044859776682279,0.9029255251818646,0.33187840377901145
0.44344344344344344,0.8905677096391709,0.9161338135552748,0.34854590216530834
0.4444444444444444,0.8758879153232011,0.928501007187489,0.36564316005974384
0.44544544544544545,0.860491547109008,0.9399880437186169,0.38315227646925476
0.44644644644644643,0.844425163403748,0.9505583124268373,0.40105307523726247
0.44744744744744747,0.827736695070609,0.9601778484571817,0.4193230880454166
0.44844844844844844,0.8104752085348084,0.9688155145423869,0.43793754965738446
0.4494494494494494,0.7926906671859271,0.976443168856023,0.4568694060088043
0.45045045045045046,0.7744336926863926,0.983035817732055,0.4760893356730577
0.45145145145145144,0.7557553277639486,0.9885717520912684,0.49556578514993493
0.45245245245245247,0.7367068020207774,0.993032666532542,0.5152650183339275
0.45345345345345345,0.7173393022343217,0.9964037601747353,0.5351511804213592
0.4544544544544544,0.6977037485554991,0.9986738184717766,0.5551863764116907
0.45545545545545546,0.677850577930088,0.9998352753680405,0.5753307642486768
0.45645645645645644,0.6578295359794242,0.9998842553119107,0.5955426625327376
0.4574574574574575,0.6376894784784551,0.9988205948010352,0.6157786726177469
0.45845845845845845,0.6174781834638412,0.9966478432916476,0.6359938147845332
0.45945945945945943,0.597242174893289,0.9933732434648767,0.6561416780609706
0.46046046046046046,0.5770265586611326,0.9890076910035879,0.6761745831355908
0.46146146146146144,0.5568748716554146,0.983565674192375,0.69604375768964
0.4624624624624625,0.536828944419799,0.977065193809283,0.7156995233525435
0.46346346346346345,0.5169287778608216,0.9695276639291388,0.7350914933691274
0.46446446446446443,0.4972124343183661,0.9609777944034675,0.7541687799551181
0.46546546546546547,0.47771594319626287,0.9514434559195398,0.7728802102114215
0.46646646646646645,0.4584732212314457,0.9409555286697094,0.7911745493689715
0.4674674674674675,0.43951600736538093,0.929547735780707,0.8090007300455792
0.46846846846846846,0.42087381207149693,0.917256462759861,0.8263080861153532
0.4694694694694695,0.4025738808878342,0.9041205643102798,0.843046589721085
0.47047047047047047,0.3846411718061484,0.8901811599491647,0.8591670899012677
0.47147147147147145,0.36709834607767,0.8754814199318038,0.8746215512572247
0.4724724724724725,0.3499657719124965,0.8600663430380784,0.8893632910526941
0.47347347347347346,0.3332615404744412,0.8439825278180207,0.903347213118929
0.4744744744744745,0.3170014935065945,0.8272779389179762,0.9165300369333004
0.4754754754754755,0.30119926186512347,0.8100016701192697,0.9288705202488314
0.47647647647647645,0.2858663141899891,0.7922037057169731,0.9403296736763259
0.4774774774774775,0.2710120149015394,0.7739346818479047,0.9508709656595955
0.47847847847847846,0.25664369068110426,0.7552456493446491,0.9604605163377485
0.4794794794794795,0.24276670457175606,0.7361878396468656,0.9690672788561219
0.4804804804804805,0.22938453682206106,0.7168124352432126,0.9766632067687547
0.48148148148148145,0.21649887159052952,0.6971703460475551,0.9832234062697053
0.4824824824824825,0.2041096886313495,0.6773119930329388,0.9887262720971011
0.48348348348348347,0.19221535909224258,0.6572871003569244,0.9931536060717258
0.4844844844844845,0.1808127445725178,0.6371444971135776,0.996490717360027
0.4854854854854855,0.16989729861304853,0.6169319297418661,0.9987265036884934
0.48648648648648646,0.15946316981929007,0.5966958860085703,0.9998535128810854
0.4874874874874875,0.14950330585309965,0.5764814313675266,0.9998679842423711
0.48848848848848847,0.1400095575682527,0.5563320583771929,0.9987698694647583
0.4894894894894895,0.13097278260758702,0.5362895497365503,0.9965628328971579
0.4904904904904905,0.12238294782600716,0.5163938553765349,0.993254231172989
0.49149149149149146,0.11422922995241014,0.4966829839215897,0.9888550723560264
0.4924924924924925,0.10650011395444359,0.47719290871499953,0.9833799549216028
0.4934934934934935,0.09918348862213339,0.4579574884832909,0.9768469870465193
0.4944944944944945,0.09226673893931568,0.43900840260037843,0.9692776868321236
0.4954954954954955,0.08573683486489651,0.4203751008022852,0.9606968642299425
0.4964964964964965,0.07958041619867326,0.40208476709892205,0.9511324855765171
0.4974974974974975,0.07378387325838141,0.38416229753161135,0.9406155217724503
0.4984984984984985,0.06833342314524052,0.3666302913341999,0.9291797812588241
0.4994994994994995,0.06321518142425367,0.3495090549726047,0.9168617290510898
0.5005005005005005,0.058415229092440575,0.33281661846270133,0.9037002931852258
0.5015015015015015,0.05391967475279479,0.31656876330014205,0.8897366600126357
0.5025025025025025,0.049714711953775914,0.3007790612781729,0.8750140598482576
0.5035035035035035,0.04578667169336358,0.2854589234209709,0.8595775445301564
0.5045045045045045,0.042122070122947754,0.2706176582204779,0.8434737584881312
0.5055055055055055,0.03870765151949283,0.2562625383341621,0.8267507049434437
0.5065065065065065,0.035530426624406,0.24239887487941428,0.8094575088716427
0.5075075075075075,0.032577706474316126,0.2290300984471154,0.7916441783557165
0.5085085085085085,0.029837131872556277,0.21615784595211568,0.7733613659379236
0.5095095095095095,0.02729669867052385,0.20378205244134523,0.7546601315458525
0.5105105105105106,0.024944779045380353,0.19190104699078997,0.735591708522387
0.5115115115115115,0.022770138974808948,0.18051165183997722,0.7162072742308987
0.5125125125125125,0.02076195212089225,0.16960928393638058,0.696557726637003
0.5135135135135135,0.018909810343761192,0.15918805809177683,0.6766934681877291
0.5145145145145145,0.01720373107162128,0.14924089098728197,0.6566641982187522
0.5155155155155156,0.01563416175728634,0.1397596053030861,0.6365187150218325
0.5165165165165165,0.014191981652603186,0.13073503329204098,0.6163047285988233
0.5175175175175175,0.012868501131324499,0.12215711916258895,0.5960686850168094
0.5185185185185185,0.011655458788288635,0.11401501968548357,0.575855603162547
0.5195195195195195,0.0105450165383683,0.10629720248957432,0.5557089245744136
0.5205205205205206,0.009529752932773769,0.0989915415641266,0.5356703769081054
0.5215215215215215,0.008602654903120354,0.09208540953805217,0.515779851469447
0.5225225225225225,0.007757108135386694,0.08556576635948002,0.49607529512512544
0.5235235235235235,0.0069868862666917645,0.07941924405184736,0.4765926167813125
0.5245245245245245,0.006286139087864565,0.07363222727453347,0.4573656085018226
0.5255255255255256,0.005649379924254724,0.06819092946667196,0.43842588122302595
0.5265265265265265,0.0050714723562797935,0.06308146440168567,0.4198028149130074
0.5275275275275275,0.004547616429975618,0.058289913026955374,0.40152352291832405
0.5285285285285285,0.004073334496446954,0.05380238550759452,0.3836128301441294
0.5295295295295295,0.0036444568077214786,0.04960507843522739,0.36609326462281894
0.5305305305305306,0.003257106985209564,0.045684327201818295,0.34898506194357637
0.5315315315315315,0.0029076874658574905,0.04202665357476617,0.3323061819405665
0.5325325325325325,0.0025928650202398573,0.03861880854254704,0.3160723369714184
0.5335335335335335,0.002309556426344714,0.035447810530106386,0.3002970310604626
0.5345345345345345,0.002054914372719938,0.03250097910988577,0.28499160913284827
0.5355355355355356,0.0018263136550282265,0.029765964357863474,0.2701653155264543
0.5365365365365365,0.0016213377209389538,0.027230772024297356,0.25582536093822567
0.5375375375375375,0.0014377656097000384,0.0248837847060497,0.24197699694007227
0.5385385385385385,0.0012735593247060896,0.022713779221561144,0.22862359718665237
0.5395395395395395,0.0011268516699214852,0.02070994040080267,0.21576674443270022
0.5405405405405406,0.0009959345741384115,0.018861871511047738,0.20340632248086793
0.5415415415415415,0.0008792479207480549,0.017159601545201922,0.19154061219175053
0.5425425425425425,0.0007753688949722923,0.015593589602878634,0.18016639070535673
0.5435435435435435,0.0006830018553327934,0.01415472659561168,0.16927903304731648
0.5445445445445445,0.0006009687315066722,0.012834334506712425,0.15887261532281188
0.5455455455455456,0.0005281999466146515,0.011624163433530536,0.14894001873613974
0.5465465465465466,0.00046372585838496376,0.010516386635443397,0.13947303371320527
0.5475475475475475,0.00040666871050868146,0.009503593804979412,0.13046246344747198
0.5485485485485485,0.0003562350828229016,0.008578782772277053,0.12189822623637543
0.5495495495495496,0.00031170882669742233,0.007735349844768794,0.11376945602416298
0.5505505505505506,0.00027244447012959226,0.006967078974757132,0.1060646006180617
0.5515515515515516,0.00023786107553990267,0.006268129937579617,0.09877151709685618
0.5525525525525525,0.00020743653207814952,0.005633025692521438,0.09187756398391249
0.5535535535535535,0.00018070226336610603,0.005056639087669569,0.08536968980971865
0.5545545545545546,0.0001572383309889379,0.004534179058670599,0.07923451774173226
0.5555555555555556,0.0001366689136754039,0.004061176459980476,0.073458426011164
0.5565565565565566,0.00011865814194890633,0.0036334696558026967,0.06802762391686196
0.5575575575575575,0.00010290626806193617,0.0032471899866151413,0.06292822323533583
0.5585585585585585,8.914615122042323e-05,0.002898747216075471,0.05814630491274952
0.5595595595595596,7.71400384391009e-05,0.002584815052263613,0.05366798095918618
0.5605605605605606,6.66766218225809e-05,0.00230231682673627,0.049479451507350315
0.5615615615615616,5.756835361935084e-05,0.002048411404796033,0.04556705703691096
0.5625625625625625,4.964900102924213e-05,0.0018204793907699297,0.04191732580178074
0.5635635635635635,4.277142344209152e-05,0.0016161096829861183,0.0385170165305865
0.5645645645645646,3.680555553142958e-05,0.0014330864245682912,0.035353156500404215
0.5655655655655656,3.163658040834348e-05,0.0012693763881547568,0.03241307511042655
0.5665665665665666,2.716327784514178e-05,0.0011231168252075862,0.029684433105611988
0.5675675675675675,2.329653339543273e-05,0.000992603803714419,0.027155247620589525
0.5685685685685685,1.9957995057342745e-05,0.0008762810517985632,0.02481391323118175
0.5695695695695696,1.707886494184127e-05,0.000772729319038149,0.02264921921500175
0.5705705705705706,1.459881421160464e-05,0.0006806562621390123,0.02065036323376288
0.5715715715715716,1.2465010341743878e-05,0.0005988868569929351,0.018806961658359662
0.5725725725725725,1.0631246517305911e-05,0.0005263543350635887,0.017109056763603702
0.5735735735735735,9.057163719812677e-06,0.0004620916384526519,0.015547121022872656
0.5745745745745746,7.707556763234335e-06,0.0004052233848838681,0.01411205873406341
0.5755755755755756,6.551756216383661e-06,0.00035495833117492976,0.012795205207302431
0.5765765765765766,5.563078792126523e-06,0.0003105823215173571,0.011588323742056147
0.5775775775775776,4.7183393929938025e-06,0.00027145170502370026,0.010483600616806442
0.5785785785785785,3.997418577175176e-06,0.00023698720549848493,0.009473638308491078
0.5795795795795796,3.3828797483941423e-06,0.0002066682252150175,0.008551447151667311
0.5805805805805806,2.85963087804934e-06,0.0001800275636040862,0.007710435639017117
0.5815815815815816,2.414626038851155e-06,0.00015664653115361193,0.006944399555559532
0.5825825825825826,2.036602466822075e-06,0.000136150438452401,0.006247510128951828
0.5835835835835835,1.7158492740136834e-06,0.0001182044401584949,0.005614301367700125
0.5845845845845846,1.444004308846901e-06,0.00010250971370784856,0.005039656748130789
0.5855855855855856,1.2138760059498552e-06,8.879995277715645e-05,0.0045187953997330825
0.5865865865865866,1.0192873841894733e-06,7.683815585269486e-05,0.004047257927106933
0.5875875875875876,8.549396417747163e-07,6.641369071359624e-05,0.0036208919953620976
0.5885885885885885,7.162930623851722e-07,5.733961619288222e-05,0.0032358377945192543
0.5895895895895896,5.994631878033208e-07,4.9450243214846486e-05,0.002888513487363719
0.5905905905905906,5.011304320448328e-07,4.259891780609453e-05,0.0025756007343796174
0.5915915915915916,4.184615110098596e-07,3.665600952475081e-05,0.0022940303789200684
0.5925925925925926,3.4904124170617805e-07,3.150708953445703e-05,0.002040968365712067
0.5935935935935935,2.9081342755792254e-07,2.7051283354729727e-05,0.0018138019561997364
0.5945945945945946,2.4202969259619377e-07,2.319978413641842e-05,0.0016101262951414752
0.5955955955955956,2.012052587488701e-07,1.9874513131112884e-05,0.001427731374323673
0.5965965965965966,1.6708077826129304e-07,1.700691483833236e-05,0.0012645894312581665
0.5975975975975976,1.385894386713549e-07,1.4536875117409324e-05,0.0011188428133081965
0.5985985985985985,1.148286518447942e-07,1.241175133632093e-05,0.0009887923308411295
0.5995995995995996,9.50357223909596e-08,1.0585504392642414e-05,0.0008728861167383189
0.6006006006006006,7.856696529579626e-08,9.017923178406421e-06,0.0007697090038946589
0.6016016016016016,6.487980872728934e-08,7.673932767952532e-06,0.0006779724272012005
0.6026026026026026,5.3517476521038006e-08,6.522978283570179e-06,0.0005965048519083443
0.6036036036036035,4.409589660565951e-08,5.538477036230406e-06,0.0005242427261928906
0.6046046046046046,3.629252728244956e-08,4.697332146957311e-06,0.00046022195217810163
0.6056056056056056,2.983683347389616e-08,3.979501427846845e-06,0.00040356986655523143
0.6066066066066066,2.450218038738354e-08,3.367615840314799e-06,0.00035349771930041993
0.6076076076076076,2.009894303661061e-08,2.846642352117607e-06,0.00030929363674397377
0.6086086086086087,1.6468657206615767e-08,2.4035864846225076e-06,0.0002703160533993195
0.6096096096096096,1.347906117538077e-08,2.0272302785602053e-06,0.00023598759546702085
0.6106106106106106,1.1019898208975738e-08,1.70790181112684e-06,0.00020578939776441112
0.6116116116116116,8.999367881740865e-09,1.437272771038662e-06,0.00017925583496419337
0.6126126126126126,7.341129954968832e-09,1.2081809423303497e-06,0.00015596964742628784
0.6136136136136137,5.981778160490076e-09,1.0144747637716587e-06,0.00013555744154817106
0.6146146146146146,4.868713032330627e-09,8.508774202598077e-07,0.00011768554441272396
0.6156156156156156,3.958353135283272e-09,7.128681869648038e-07,0.00010205619255304253
0.6166166166166166,3.214632853668869e-09,5.965789879155734e-07,8.840403485657934e-05
0.6176176176176176,2.607742503779333e-09,4.987043496569173e-07,7.649292997296071e-05
0.6186186186186187,2.113073075998745e-09,4.164231291043259e-07,6.611301904967798e-05
0.6196196196196196,1.7103335353901879e-09,3.473305742581871e-07,5.707805517760871e-05
0.6206206206206206,1.3828134340856587e-09,2.8937943844726504e-07,4.922297156570237e-05
0.6216216216216216,1.116767721790652e-09,2.4082901463562357e-07,4.24016711646827e-05
0.6226226226226226,9.009041755938683e-10,2.0020108736440912e-07,3.648502120804217e-05
0.6236236236236237,7.259568888174456e-10,1.6624191736389248e-07,3.135903692162904e-05
0.6246246246246246,5.843318322122918e-10,1.3788947894312607e-07,2.692323945859254e-05
0.6256256256256256,4.698126915569131e-10,1.1424526405640692e-07,2.3089173933853328e-05
0.6266266266266266,3.773170477014634e-10,9.455005049671327e-08,1.9779074252325078e-05
0.6276276276276276,3.026945452004269e-10,7.816310594444168e-08,1.6924662239833415e-05
0.6286286286286287,2.425600345118739e-10,6.454436550342685e-08,1.4466069388271547e-05
0.6296296296296297,1.9415580541223816e-10,5.323917871523179e-08,1.2350870311268211e-05
0.6306306306306306,1.5523798607284043e-10,4.386527362115041e-08,1.0533217768779111e-05
0.6316316316316316,1.2398298925454114e-10,3.610163094066965e-08,8.973069854773062e-06
0.6326326326326326,9.891056672413645e-11,2.9679001496356672e-08,7.635500648527107e-06
0.6336336336336337,7.882060452486831e-11,2.437183522309392e-08,6.490086304753143e-06
0.6346346346346347,6.274127162647948e-11,1.9991420985590727e-08,5.510359199231306e-06
0.6356356356356356,4.988653683281759e-11,1.6380063473713494e-08,4.673323353796989e-06
0.6366366366366366,3.962140566791709e-11,1.3406147085651086e-08,3.9590249369126665e-06
0.6376376376376376,3.143351054638969e-11,1.0959957336371343e-08,3.350172173544337e-06
0.6386386386386387,2.4909922581449656e-11,8.950148295827721e-09,2.831799500961885e-06
0.6396396396396397,1.9718249299306136e-11,7.300760183910129e-09,2.3909712759730695e-06
0.6406406406406406,1.5591245589985986e-11,5.9487048098366336e-09,2.016520774843851e-06
0.6416416416416416,1.2314300745339438e-11,4.841648294658715e-09,1.6988206308160741e-06
0.6426426426426426,9.715276904365855e-12,3.936230681139664e-09,1.429581226931208e-06
0.6436436436436437,7.656267431220625e-12,3.196570814689449e-09,1.201673905164638e-06
0.6446446446446447,6.026920881594725e-12,2.5930124487312115e-09,1.008976168111073e-06
0.6456456456456456,4.739039950146133e-12,2.1010740438089536e-09,8.462363381431352e-07
0.6466466466466466,3.7222173863359464e-12,1.7005703294626596e-09,7.089554026346631e-07
0.6476476476476476,2.920314204876017e-12,1.3748785024339046e-09,5.932840140450092e-07
0.6486486486486487,2.2886211786386426e-12,1.1103260504186446e-09,4.959328319474187e-07
0.6496496496496497,1.7915739050646704e-12,8.956807104987262e-10,4.140945919714474e-07
0.6506506506506506,1.400915781864595e-12,7.217260770192777e-10,3.453764655988111e-07
0.6516516516516516,1.0942229302330328e-12,5.809089361356894e-10,2.877414362403236e-07
0.6526526526526526,8.537212256371187e-13,4.670465854547199e-10,2.394575624058572e-07
0.6536536536536537,6.653387699189631e-13,3.750842509808357e-10,1.990541293780098e-07
0.6546546546546547,5.179478882129141e-13,3.008942866597387e-10,1.6528380786216792e-07
0.6556556556556556,4.0275949392314465e-13,2.411101746406873e-10,1.3709004279176618e-07
0.6566566566566566,3.1283979332271193e-13,1.9298947192434867e-10,1.1357898892670756e-07
0.6576576576576576,2.427250941087494e-13,1.5430080149062477e-10,9.399539313212181e-08
0.6586586586586587,1.8811518327065707e-13,1.2323078929304647e-10,7.770189723015541e-08
0.6596596596596597,1.4562954945700404e-13,9.83075249950391e-11,6.416130097514274e-08
0.6606606606606606,1.1261380841131336e-13,7.833769317276094e-11,5.2921382840077064e-08
0.6616616616616616,8.698618211871834e-14,6.235499933365821e-11,4.3601927682223036e-08
0.6626626626626626,6.71158937369823e-14,4.957791553417456e-11,3.5883655676978495e-08
0.6636636636636637,5.172696168624959e-14,3.937510560375413e-11,2.949878681143855e-08
0.6646646646646647,3.9822181350355254e-14,3.1237170202541676e-11,2.422301029536145e-08
0.6656656656656657,3.062313196446769e-14,2.4753585839238208e-11,1.9868659007178695e-08
0.6666666666666666,2.3522888497903833e-14,1.959390692617988e-11,1.6278916026487024e-08
0.6676676676676676,1.8048793581457505e-14,1.5492462200616465e-11,1.3322903845800182e-08
0.6686686686686687,1.3833185163785324e-14,1.2235911683914877e-11,1.0891527394248812e-08
0.6696696696696697,1.0590407867745069e-14,9.653142252836465e-12,8.893959895650971e-09
0.6706706706706707,8.098781210032151e-15,7.607072628807012e-12,7.254676137920523e-09
0.6716716716716716,6.186473127642212e-15,5.988015326687426e-12,5.910951231751261e-09
0.6726726726726726,4.7204464914767455e-15,4.7083065129024744e-12,4.810754635097737e-09
0.6736736736736737,3.5978206599946086e-15,3.6979670442724925e-12,3.910979339732612e-09
0.6746746746746747,2.739128632282732e-15,2.901201071000364e-12,3.175954855537754e-09
0.6756756756756757,2.0830602327671485e-15,2.2735740609708115e-12,2.576200162969069e-09
0.6766766766766766,1.5823688040307141e-15,1.7797412501827855e-12,2.087379289694754e-09
0.6776776776776777,1.2006877526410326e-15,1.3916214403692061e-12,1.6894277407303555e-09
0.6786786786786787,9.100577095589586e-16,1.0869306612368985e-12,1.3658227930541222e-09
0.6796796796796797,6.890080080928376e-16,8.480062492222654e-13,1.1029747615353517e-09
0.6806806806806807,5.21070024199383e-16,6.608649964494402e-13,8.897198458143222e-10
0.6816816816816816,3.9362655975664265e-16,5.14449714276862e-13,7.168981586518346e-10
0.6826826826826827,2.9702238640676664e-16,4.00027267113114e-13,5.770030860175179e-10
0.6836836836836837,2.238775036368348e-16,3.1070822080773595e-13,4.638902994689844e-10
0.6846846846846847,1.685575508042629e-16,2.4106401022946947e-13,3.725365857899107e-10
0.6856856856856857,1.2676590253340926e-16,1.868222051465352e-13,2.988402239120348e-10
0.6866866866866866,9.522986692536004e-17,1.4462424171967874e-13,2.394559651123434e-10
0.6876876876876877,7.145956795148337e-17,1.1183305268378392e-13,1.9165879416344378e-10
0.6886886886886887,5.356289953941316e-17,8.638050703381175e-14,1.5323159654969175e-10
0.6896896896896897,4.010368270219928e-17,6.664656982202548e-14,1.2237265590467852e-10
0.6906906906906907,2.9993069664689973e-17,5.1363704532908286e-14,9.761957870523395e-11
0.6916916916916916,2.2406501961247588e-17,3.954133793347172e-14,7.778680904493556e-11
0.6926926926926927,1.6720285540118192e-17,3.0406250233561576e-14,6.191437134236439e-11
0.6936936936936937,1.2463206839578705e-17,2.3355590629084263e-14,4.922587708200568e-11
0.6946946946946947,9.279667162598283e-18,1.791988951220639e-14,3.909416505941792e-11
0.6956956956956957,6.901626941566061e-18,1.3733976022276125e-14,3.101322326350138e-11
0.6966966966966966,5.127280123123245e-18,1.0514139287021997e-14,2.4575273115850825e-11
0.6976976976976977,3.804863615599688e-18,8.040214799187497e-15,1.945209063557522e-11
0.6986986986986987,2.820380005444643e-18,6.141550971941769e-15,1.5379800425369094e-11
0.6996996996996997,2.0882988251580365e-18,4.686028805871229e-15,1.2146512442946747e-11
0.7007007007007007,1.5445221651735468e-18,3.571480895149459e-15,9.582282776824482e-12
0.7017017017017017,1.1410695869065652e-18,2.7189936459410465e-15,7.550971836444222e-12
0.7027027027027027,8.420669055337221e-19,2.067685766067496e-15,5.943649651393134e-12
0.7037037037037037,6.207225919902076e-19,1.5706425819701933e-15,4.673261007516398e-12
0.7047047047047047,4.5705134309082975e-19,1.1917541720591223e-15,3.670315157224321e-12
0.7057057057057057,3.3616222581765165e-19,9.032593762717394e-16,2.879407694474818e-12
0.7067067067067067,2.469729082424552e-19,6.838404085751611e-16,2.2564174440124296e-12
0.7077077077077077,1.8124507115122216e-19,5.171464234763441e-16,1.7662501845246077e-12
0.7087087087087087,1.32861630619599e-19,3.9065085131129794e-16,1.3810247948649468e-12
0.7097097097097097,9.728579574069163e-20,2.947681180321127e-16,1.0786168877906422e-12
0.7107107107107107,7.115669639483661e-20,2.2217169392822726e-16,8.414909303676695e-13
0.7117117117117117,5.198746034755219e-20,1.6726821714273811e-16,6.55764869914517e-13
0.7127127127127127,3.794005109796942e-20,1.2579246096257243e-16,5.104619076330685e-13
0.7137137137137137,2.7657549913410945e-20,9.44957515221686e-17,3.9691271806059305e-13
0.7147147147147147,2.013937470233108e-20,7.090656338767178e-17,3.082784557946992e-13
0.7157157157157157,1.464855357082928e-20,5.31467944035068e-17,2.3917061419144357e-13
0.7167167167167167,1.0642900184628354e-20,3.979093979502592e-17,1.8534844496706483e-13
0.7177177177177178,7.723990279900886e-21,2.9758278395760436e-17,1.4347841114088066e-13
0.7187187187187187,5.599379875481813e-21,2.2230431481631378e-17,1.1094319141163035e-13
0.7197197197197197,4.054661745200641e-21,1.6588398740391776e-17,8.569021544342434e-14
0.7207207207207207,2.9328227142528735e-21,1.2364527476138189e-17,6.611169604457874e-14
0.7217217217217217,2.1190122958048462e-21,9.205917230964468e-18,5.0949725307386334e-14
0.7227227227227228,1.5293173879475562e-21,6.8465706157827675e-18,3.922129048218133e-14
0.7237237237237237,1.1024991416349433e-21,5.0862253936567635e-18,3.01591012380491e-14
0.7247247247247247,7.939175048555476e-22,3.7742841721926494e-18,2.3164951500643216e-14
0.7257257257257257,5.710695179311577e-22,2.7976286950635785e-18,1.777300567121389e-14
0.7267267267267267,4.103165789452705e-22,2.0713907660975287e-18,1.362093271765642e-14
0.7277277277277278,2.944866657355885e-22,1.531970780408446e-18,1.0427238325889593e-14
0.7287287287287287,2.1111966526384974e-22,1.1317627925050515e-18,7.973486003247556e-15
0.7297297297297297,1.511848336606079e-22,8.351737317180022e-19,6.0903697049160775e-15
0.7307307307307307,1.0814445299199063e-22,6.156228404823481e-19,4.646816906948758e-15
0.7317317317317317,7.727103939785875e-23,4.532826608740499e-19,3.5414731146989014e-15
0.7327327327327328,5.515002885540603e-23,3.3338033051345236e-19,2.696055458866751e-15
0.7337337337337337,3.931798185533461e-23,2.449217326242086e-19,2.0501714338390217e-15
0.7347347347347347,2.7999686957219774e-23,1.7973437976961136e-19,1.5572847058450961e-15
0.7357357357357357,1.9917352875607323e-23,1.3175025839149441e-19,1.1815778549349872e-15
0.7367367367367368,1.4152284282127455e-23,9.646911135753826e-20,8.955155909855038e-16
0.7377377377377378,1.0044722745342458e-23,7.055723678884589e-20,6.779543378142511e-16
0.7387387387387387,7.121407668656103e-24,5.1547942416194466e-20,5.126774557706278e-16
0.7397397397397397,5.043246850388811e-24,3.76181634495658e-20,3.8726164060040017e-16
0.7407407407407407,3.5675583748718785e-24,2.74220758357553e-20,2.922006822191968e-16
0.7417417417417418,2.520858299852623e-24,1.996730951443907e-20,2.2022897333507811e-16
0.7427427427427428,1.7792716720383577e-24,1.4522963855670147e-20,1.657998628064711e-16
0.7437437437437437,1.2544477548090192e-24,1.0551335853181322e-20,1.2468389580074736e-16
0.7447447447447447,8.834447144688587e-25,7.657308096786855e-21,9.365976078817645e-17
0.7457457457457457,6.214735632542023e-25,5.5508728599401616e-21,7.027683737397921e-17
0.7467467467467468,4.3669922910014635e-25,4.019415683259914e-21,5.267297614967139e-17
0.7477477477477478,3.065199002558205e-25,2.907241097929552e-21,3.9434831594376334e-17
0.7487487487487487,2.1490741973598858e-25,2.100466019188454e-21,2.949093944156362e-17
0.7497497497497497,1.505083616312946e-25,1.5158867423026623e-21,2.2029959978689843e-17
0.7507507507507507,1.0528980724198902e-25,1.0927840144817962e-21,1.6438239097152797e-17
0.7517517517517518,7.357470289130359e-26,7.868979178388063e-22,1.2252179814659079e-17
0.7527527527527528,5.1355526671436225e-26,5.660032734518009e-22,9.12195477739266e-18
0.7537537537537538,3.58065387555415e-26,4.0666422996914694e-22,6.78389241417911e-18
0.7547547547547547,2.4937561288277181e-26,2.9185657963776524e-22,5.0394886660798026e-18
0.7557557557557557,1.7348506889402737e-26,2.092278476163116e-22,3.7394736540488946e-18
0.7567567567567568,1.2055541140086853e-26,1.4982558091261762e-22,2.7717302831901997e-18
0.7577577577577578,8.368118084570187e-27,1.0716894048977052e-22,2.0521445090292914e-18
0.7587587587587588,5.80210220356458e-27,7.657171744069173e-23,1.5176841444473893e-18
0.7597597597597597,4.018457997003433e-27,5.464926471091231e-23,1.1211696633856456e-18
0.7607607607607607,2.7800331580103612e-27,3.8959802085247285e-23,8.273280770673443e-19
0.7617617617617618,1.9211310998136637e-27,2.7743780832664e-23,6.098186081785581e-19
0.7627627627627628,1.326112941189997e-27,1.9734722868746418e-23,4.489935121682612e-19
0.7637637637637638,9.143669246838466e-28,1.4022094934655175e-23,3.302143504031104e-19
0.7647647647647647,6.297627759104387e-28,9.952020414381655e-24,2.4258743588696793e-19
0.7657657657657657,4.3326135091444165e-28,7.05547240036206e-24,1.7801522575016466e-19
0.7667667667667668,2.977415166905933e-28,4.996402540046678e-24,1.3048556748881553e-19
0.7677677677677678,2.04383262406689e-28,3.5343147862806255e-24,9.553979212368144e-20
0.7687687687687688,1.4014181636141321e-28,2.4972931093402886e-24,6.987512364204151e-20
0.7697697697697697,9.598572309342594e-29,1.7625859099673393e-24,5.1047840041553904e-20
0.7707707707707707,6.566924509363457e-29,1.242646363756721e-24,3.7251917817019063e-20
0.7717717717717718,4.4878040979215204e-29,8.751072797205066e-25,2.715416080978683e-20
0.7727727727727728,3.0635307350213293e-29,6.155899541135591e-25,1.9771545525323986e-20
0.7737737737737738,2.0889453425475168e-29,4.325519111921739e-25,1.4380081140146903e-20
0.7747747747747747,1.4228148713232894e-29,3.0359976468708587e-25,1.0447167025434284e-20
0.7757757757757757,9.68024165060012e-30,2.1285365400578702e-25,7.581449101382577e-21
0.7767767767767768,6.578706114766598e-30,1.4906554539982386e-25,5.495692101883881e-21
0.7777777777777778,4.465923269621343e-30,1.0427733438167605e-25,3.979321669153276e-21
0.7787787787787788,3.0282973199018094e-30,7.286501394217825e-26,2.8781417838486593e-21
0.7797797797797797,2.0511728119664178e-30,5.085863124241875e-26,2.0793701542018424e-21
0.7807807807807807,1.3877859122614141e-30,3.545902316480578e-26,1.5006102611184526e-21
0.7817817817817818,9.379057141162458e-31,2.4694790771284084e-26,1.0817340530262036e-21
0.7827827827827828,6.331584000928977e-31,1.7179100425782998e-26,7.789141174088447e-22
0.7837837837837838,4.2695494535993095e-31,1.1937461119917395e-26,5.602413154133101e-22
0.7847847847847848,2.8758630944203463e-31,8.285906069304012e-27,4.025104637220447e-22
0.7857857857857857,1.9349549178417016e-31,5.744927143716242e-27,2.8886551642844607e-22
0.7867867867867868,1.300438978519727e-31,3.9787397160010734e-27,2.0707644972847425e-22
0.7877877877877878,8.730228074566956e-32,2.752472678652464e-27,1.4827987265743298e-22
0.7887887887887888,5.854336547898836e-32,1.902028361757435e-27,1.0605964821502664e-22
0.7897897897897898,3.921446230698058e-32,1.3128872910978427e-27,7.577651783470441e-23
0.7907907907907907,2.623803626436187e-32,9.052205073313951e-28,5.407986392666794e-23
0.7917917917917918,1.7536094431315943e-32,6.234445143359753e-28,3.855254210668609e-23
0.7927927927927928,1.1707142563321423e-32,4.2890164883018305e-28,2.745281820751361e-23
0.7937937937937938,7.807022347694009e-33,2.947366260423041e-28,1.9527081200907595e-23
0.7947947947947948,5.2003960783500626e-33,2.0231448768464205e-28,1.3874080636225544e-23
0.7957957957957957,3.460221543299359e-33,1.3871912589122202e-28,9.846629123590555e-24
0.7967967967967968,2.2997883695877867e-33,9.500844006091137e-29,6.980514451135748e-24
0.7977977977977978,1.5268217044143112e-33,6.499867677387613e-29,4.9431497191392076e-24
0.7987987987987988,1.0125238473639405e-33,4.441844262606731e-29,3.496524557710762e-24
0.7997997997997998,6.707160212962718e-34,3.0320658117945436e-29,2.4705058410942683e-24
0.8008008008008007,4.4380131438965e-34,2.0674280467013466e-29,1.7436193149630388e-24
0.8018018018018018,2.933289798910342e-34,1.4081167601058598e-29,1.2292322378236742e-24
0.8028028028028028,1.9365907078421285e-34,9.579953825734061e-30,8.656307903429108e-25
0.8038038038038038,1.2771361544317325e-34,6.510354660307643e-30,6.0890274812259145e-25
0.8048048048048048,8.41304165765147e-35,4.4193903614870555e-30,4.278382965931543e-25
0.8058058058058059,5.53586337534194e-35,2.99665374533686e-30,3.002810064656377e-25
0.8068068068068068,3.6385987931250403e-35,2.0296784872149633e-30,2.1051960827764807e-25
0.8078078078078078,2.3889082103434822e-35,1.373201967080289e-30,1.4742587961089259e-25
0.8088088088088088,1.5666833898540998e-35,9.280215668368573e-31,1.0312676300497441e-25
0.8098098098098098,1.026312217738737e-35,6.264670095135307e-31,7.20585516281382e-26
0.8108108108108109,6.715745705033348e-36,4.224300706270395e-31,5.029399740991862e-26
0.8118118118118118,4.38960529483475e-36,2.8452991242024477e-31,3.5064145972301504e-26
0.8128128128128128,2.8659801829523968e-36,1.9143331439112003e-31,2.441894294735169e-26
0.8138138138138138,1.8691208376940277e-36,1.2865408814382333e-31,1.6986618720055934e-26
0.8148148148148148,1.2176376249616613e-36,8.636666451885096e-32,1.1803301516960392e-26
0.8158158158158159,7.923466452090727e-37,5.791421685142684e-32,8.192501847984926e-27
0.8168168168168168,5.150256651090876e-37,3.8791869710400836e-32,5.679970481158905e-27
0.8178178178178178,3.343944061651772e-37,2.5954503236092183e-32,3.933617191966697e-27
0.8188188188188188,2.168730664018331e-37,1.7346074748810407e-32,2.7211632188687132e-27
0.8198198198198198,1.4049754005330355e-37,1.1579936826508235e-32,1.8803278340472392e-27
0.8208208208208209,9.091767153368091e-38,7.721961833479438e-33,1.2978635679847245e-27
0.8218218218218218,5.87684684620884e-38,5.143581142065531e-33,8.948309408726081e-28
0.8228228228228228,3.794520690421253e-38,3.422315340985142e-33,6.162677302287157e-28
0.8238238238238238,2.447292964080521e-38,2.274526163239633e-33,4.239497135102611e-28
0.8248248248248248,1.57663615695978e-38,1.5100048196721207e-33,2.9132365429655894e-28
0.8258258258258259,1.01459679577042e-38,1.0013414968319748e-33,1.999648381289339e-28
0.8268268268268268,6.521867553362713e-39,6.632886701235455e-34,1.3710333116415116e-28
0.8278278278278278,4.18761693395578e-39,4.388735704338046e-34,9.389854480423762e-29
0.8288288288288288,2.6858292787401426e-39,2.90063284706418e-34,6.423714059278824e-29
0.8298298298298298,1.720704697682912e-39,1.9149726581415822e-34,4.389651312203293e-29
0.8308308308308309,1.1011608666601477e-39,1.2628415959431257e-34,2.996334748948075e-29
0.8318318318318318,7.039011544967459e-40,8.318627229393207e-35,2.042994144870882e-29
0.8328328328328328,4.494579536185262e-40,5.473573223132103e-35,1.391426906066305e-29
0.8338338338338338,2.8667046227100887e-40,3.5975487293646174e-35,9.466079688971514e-30
0.8348348348348348,1.8263891034596498e-40,2.3618859474071042e-35,6.432745939863659e-30
0.8358358358358359,1.162305123253099e-40,1.5489152057016583e-35,4.366556927943487e-30
0.8368368368368369,7.388622545992134e-41,1.0146420299239076e-35,2.96072681965494e-30
0.8378378378378378,4.691625018922943e-41,6.639181438281317e-36,2.0052754319367552e-30
0.8388388388388388,2.975771570420947e-41,4.339430233840423e-36,1.3566449803729902e-30
0.8398398398398398,1.8853516750640983e-41,2.833135641327128e-36,9.168005719375271e-31
0.8408408408408409,1.1931681061137102e-41,1.8476449051241453e-36,6.188708440160262e-31
0.8418418418418419,7.542709555742405e-42,1.203610960644335e-36,4.172935329341127e-31
0.8428428428428428,4.7628797591334686e-42,7.831956076788984e-37,2.8106047092571106e-31
0.8438438438438438,3.004196491709099e-42,5.090621840364952e-37,1.8909252842849047e-31
0.8448448448448448,1.8927948060390388e-42,3.3051251866737425e-37,1.2707656075997922e-31
0.8458458458458459,1.1912288982757632e-42,2.143490065424254e-37,8.530471176708649e-32
0.8468468468468469,7.488647521059976e-43,1.3885819650375766e-37,5.720013731619666e-32
0.8478478478478478,4.7024917523910725e-43,8.985413126712632e-38,3.831224549450894e-32
0.8488488488488488,2.949641123851747e-43,5.807925849694017e-38,2.5632716040128705e-32
0.8498498498498498,1.8481056750523374e-43,3.749907547129978e-38,1.7130424692061613e-32
0.8508508508508509,1.1566471863979136e-43,2.4184468194441656e-38,1.1435577923644615e-32
0.8518518518518519,7.230885670923573e-44,1.5580055749190025e-38,7.625434398593974e-33
0.8528528528528528,4.515424322737155e-44,1.0025775068208267e-38,5.07910913759791e-33
0.8538538538538538,2.8165802210425673e-44,6.444413375279777e-39,3.379301837969273e-33
0.8548548548548548,1.7549395697865948e-44,4.1377601043643296e-39,2.245861179268293e-33
0.8558558558558559,1.0922415452678709e-44,2.653772622872007e-39,1.4909233482370423e-33
0.8568568568568569,6.790342821652439e-45,1.7001161584624493e-39,9.886537266025357e-34
0.8578578578578578,4.216782435380478e-45,1.0879525756545874e-39,6.548616884125657e-34
0.8588588588588588,2.6156954173874524e-45,6.954370403297367e-40,4.33282794109092e-34
0.8598598598598598,1.6207261255633747e-45,4.440400634208198e-40,2.863583076729997e-34
0.8608608608608609,1.0031100423076692e-45,2.832063440778844e-40,1.890447474010263e-34
0.8618618618618619,6.201603664098308e-46,1.8042648292396368e-40,1.2466252722921171e-34
0.8628628628628628,3.829798467725717e-46,1.1481908277391775e-40,8.211523173459465e-35
0.8638638638638638,2.3624592086442777e-46,7.298680402257872e-41,5.402913353001426e-35
0.8648648648648649,1.4556910102559447e-46,4.634374275433189e-41,3.5509844193361686e-35
0.8658658658658659,8.959640113830718e-47,2.939370604484308e-41,2.331234785269036e-35
0.8668668668668669,5.508437358469544e-47,1.8622332322018677e-41,1.5287615344115215e-35
0.8678678678678678,3.3828500589343873e-47,1.1785018874529568e-41,1.001405478098341e-35
0.8688688688688688,2.0751694545190417e-47,7.449771913405941e-42,6.552343592370464e-36
0.8698698698698699,1.2715717412095805e-47,4.704052437278706e-42,4.2825244094963165e-36
0.8708708708708709,7.782957401788506e-48,2.9670018442208035e-42,2.7958863588654274e-36
0.8718718718718719,4.7584435667330146e-48,1.8693041161098448e-42,1.8232896527432217e-36
0.8728728728728729,2.906040595491355e-48,1.1764096878321729e-42,1.1877042308676598e-36
0.8738738738738738,1.7727802900311395e-48,7.395264410026447e-43,7.728183468276634e-37
0.8748748748748749,1.0802508987121589e-48,4.6437122909061025e-43,5.022998263218039e-37
0.8758758758758759,6.5752283819475595e-49,2.912684110121546e-43,3.2611075077403516e-37
0.8768768768768769,3.997730668585309e-49,1.82489530016127e-43,2.114870057967914e-37
0.8778778778778779,2.427910681151465e-49,1.1420865128072454e-43,1.3699942516276603e-37
0.8788788788788788,1.4728833866276553e-49,7.139643666717054e-44,8.864827421202086e-38
0.8798798798798799,8.925252378623731e-50,4.458313000263505e-44,5.729784782236309e-38
0.8808808808808809,5.402429788561272e-50,2.7808723728916366e-44,3.699327816131033e-38
0.8818818818818819,3.266436661458132e-50,1.7326388328353026e-44,2.385743836354964e-38
0.8828828828828829,1.972767185174813e-50,1.0783295687672838e-44,1.5368846993780035e-38
0.8838838838838838,1.190128658750491e-50,6.70365211327866e-45,9.889520782229226e-39
0.8848848848848849,7.171805043828452e-51,4.1628226299439385e-45,6.356611832263283e-39
0.8858858858858859,4.316974878228425e-51,2.5821462059600294e-45,4.081244567264276e-39
0.8868868868868869,2.595655499008633e-51,1.5998904115776435e-45,2.6174357692626678e-39
0.8878878878878879,1.5589459768314958e-51,9.901845052271541e-46,1.676779399436812e-39
0.8888888888888888,9.352582841453389e-52,6.121509115236283e-46,1.0729816883793548e-39
0.8898898898898899,5.604650631884e-52,3.780222467756224e-46,6.858437336451329e-40
0.8908908908908909,3.354918790410586e-52,2.3318075360056886e-46,4.378995749596361e-40
0.8918918918918919,2.0060047740808187e-52,1.4367609909272833e-46,2.792803347514391e-40
0.8928928928928929,1.1981146995198251e-52,8.842861818922315e-47,1.7791914099210214e-40
0.8938938938938938,7.147946853507082e-53,5.436477979559639e-47,1.1321956289108059e-40
0.8948948948948949,4.259716705221077e-53,3.3385578951497853e-47,7.196755670383468e-41
0.8958958958958959,2.535692601000588e-53,2.0479373871394252e-47,4.5694983776729017e-41
0.8968968968968969,1.5077487383977963e-53,1.2548474175441999e-47,2.8981227783638893e-41
0.8978978978978979,8.955252345659424e-54,7.680361323559988e-48,1.836037373274567e-41
0.8988988988988988,5.313040990483797e-54,4.695575918908106e-48,1.1618839114519983e-41
0.8998998998998999,3.148654359313575e-54,2.867560341606001e-48,7.34446969250035e-42
0.9009009009009009,1.863902948877694e-54,1.7492534867381475e-48,4.6374007933219394e-42
0.9019019019019019,1.1021433533629047e-54,1.06588270417713e-48,2.924861493647645e-42
0.9029029029029029,6.5098256985859804e-55,6.487577604471825e-49,1.8426907763296207e-42
0.9039039039039038,3.840759548949833e-55,3.944320536612164e-49,1.1596210839851957e-42
0.9049049049049049,2.263504496390516e-55,2.395401513942248e-49,7.289474617796831e-43
0.9059059059059059,1.3324842616197746e-55,1.4531181343497555e-49,4.577125675675971e-43
0.9069069069069069,7.835366199126621e-56,8.80521590909051e-50,2.8708197827199242e-43
0.9079079079079079,4.602279534396059e-56,5.329611845164192e-50,1.798603803273982e-43
0.9089089089089089,2.7002450094787923e-56,3.222312348385403e-50,1.1255934795185819e-43
0.9099099099099099,1.5825222863082951e-56,1.9460597693528503e-50,7.036296209110174e-44
0.9109109109109109,9.264307923544653e-57,1.1739813499441797e-50,4.3936265812271417e-44
0.9119119119119119,5.417421316800891e-57,7.074287486396975e-51,2.7404296409785114e-44
0.9129129129129129,3.164380700438621e-57,4.2581474491493126e-51,1.707381823018252e-44
0.9139139139139139,1.8462959877105606e-57,2.5602075328339498e-51,1.0625738773445484e-44
0.914914914914915,1.0760449378599088e-57,1.5376097713669243e-51,6.605475714826589e-45
0.9159159159159159,6.264349438995198e-58,9.224303280505853e-52,4.1017156481823953e-45
0.9169169169169169,3.6428226355956346e-58,5.52761135966466e-52,2.5441545093170025e-45
0.9179179179179179,2.116004375649837e-58,3.3087039653356684e-52,1.5762964605393194e-45
0.9189189189189189,1.2277546294509584e-58,1.9783120996370466e-52,9.755483569959451e-46
0.91991991991992,7.115789354260088e-59,1.1815393406515626e-52,6.030817512719303e-46
0.9209209209209209,4.1195622554722085e-59,7.048846445667685e-53,3.7240890462495755e-46
0.9219219219219219,2.3822950118786906e-59,4.200532964097994e-53,2.2971026896498547e-46
0.9229229229229229,1.3761206010773583e-59,2.500386979076199e-53,1.4153284865633687e-46
0.9239239239239239,7.940245595217499e-60,1.4867109633981708e-53,8.710650112828552e-47
0.924924924924925,4.5764409041579797e-60,8.830033342467602e-54,5.355011096093869e-47
0.9259259259259259,2.634743039176273e-60,5.238592622221598e-54,3.288415334269356e-47
0.9269269269269269,1.5151832371441073e-60,3.1044408855379284e-54,2.0171093308362601e-47
0.9279279279279279,8.703792567226059e-61,1.837674741169942e-54,1.2359152642666395e-47
0.9289289289289289,4.9942283014241405e-61,1.0866017034966848e-54,7.564224986046151e-48
0.92992992992993,2.8624949861083513e-61,6.4178357946625704e-55,4.624413533785302e-48
0.9309309309309309,1.638843797981544e-61,3.786372216744068e-55,2.8240044276381714e-48
0.9319319319319319,9.372314926297403e-62,2.2313849130981125e-55,1.722624291446684e-48
0.9329329329329329,5.3539297517301675e-62,1.31353655677739e-55,1.0496203565736695e-48
0.933933933933934,3.055026261935934e-62,7.723716414317294e-56,6.3883750780935966e-49
0.934934934934935,1.7413004462109366e-62,4.536563136774418e-56,3.88387328902266e-49
0.9359359359359359,9.914001007946838e-63,2.6616079386732554e-56,2.358610255460497e-49
0.9369369369369369,5.638202764297673e-63,1.5598315163121043e-56,1.430750138090374e-49
0.9379379379379379,3.202940755503491e-63,9.131198477508726e-57,8.669377103676245e-50
0.938938938938939,1.8174965917744932e-63,5.339423377502136e-57,5.247210373184737e-50
0.93993993993994,1.0301839719448861e-63,3.1187274189189017e-57,3.172382477929703e-50
0.9409409409409409,5.8327378301360296e-64,1.8196043330987562e-57,1.9158393649614407e-50
0.9419419419419419,3.298728766820579e-64,1.0604568219397351e-57,1.15571067984748e-50
0.9429429429429429,1.863533667717585e-64,6.1734154174490574e-58,6.963950006207731e-51
0.943943943943944,1.051584952528284e-64,3.5898350881772936e-58,4.191588564151464e-51
0.944944944944945,5.927450920298098e-65,2.0851628470736004e-58,2.520102080943278e-51
0.9459459459459459,3.3373984073916075e-65,1.2098232940275547e-58,1.5134709978937507e-51
0.9469469469469469,1.8770015276200812e-65,7.011652598026709e-59,9.079178558064046e-52
0.9479479479479479,1.0544783848644817e-65,4.059152074701334e-59,5.440458421689141e-52
0.948948948948949,5.917349507543821e-66,2.3472899450742015e-59,3.2564237825025766e-52
0.94994994994995,3.3169066220524804e-66,1.3558593443507347e-59,1.946985979573016e-52
0.950950950950951,1.857187505415358e-66,7.823102539518618e-60,1.1627898026028563e-52
0.9519519519519519,1.0387110339858138e-66,4.5087887818833217e-60,6.936750734081985e-53
0.9529529529529529,5.802968604524482e-67,2.5957164122715217e-60,4.133590469012619e-53
0.953953953953954,3.238338035579264e-67,1.4926950042712802e-60,2.460454224214267e-53
0.954954954954955,1.8051388982895316e-67,8.57435379877963e-61,1.4629167617885025e-53
0.955955955955956,1.005114533482029e-67,4.9198085610712945e-61,8.68841239396991e-54
0.9569569569569569,5.590323814229401e-68,2.8197557582542694e-61,5.154395283331079e-54
0.9579579579579579,3.105809833915238e-68,1.6143260857712723e-61,3.054439303441889e-54
0.958958958958959,1.723571248140753e-68,9.231824098622325e-62,1.8080138873524405e-54
0.95995995995996,9.55432708273465e-69,5.273515918871521e-62,1.0690265923097566e-54
0.960960960960961,5.290387126915943e-69,3.0090505645840064e-62,6.313813350846302e-55
0.9619619619619619,2.926114289907159e-69,1.7150437145973858e-62,3.7248728603819506e-55
0.9629629629629629,1.6166336011127895e-69,9.764216192449677e-63,2.1950663511931202e-55
0.963963963963964,8.921716141872779e-70,5.552851550162992e-63,1.29211252126345e-55
0.964964964964965,4.918149040948865e-70,3.1543597593837636e-63,7.597478884819889e-56
0.965965965965966,2.708142132202173e-70,1.7898756850274864e-63,4.462262887143955e-56
0.9669669669669669,1.4895589869434548e-70,1.0144975367927947e-63,2.6179255231080038e-56
0.9679679679679679,8.183902417974376e-71,5.7437510684798226e-64,1.5341785486126993e-56
0.968968968968969,4.4913785719196476e-71,3.248304293548033e-64,8.980716951970563e-57
0.96996996996997,2.4621548719977955e-71,1.834992471693826e-64,5.251248804152642e-57
0.970970970970971,1.3482410791076295e-71,1.0354481381622943e-64,3.067119283686274e-57
0.9719719719719719,7.374561941656167e-72,5.836317371829649e-65,1.789432090362908e-57
0.9729729729729729,4.0292237406042454e-72,3.2859876966586794e-65,1.0428365887051787e-57
0.973973973973974,2.1989888366970456e-72,1.8480318414346984e-65,6.070630272203947e-58
0.974974974974975,1.1987845831815698e-72,1.0381723323892237e-65,3.529943793138928e-58
0.975975975975976,6.527934041257507e-73,5.825670743712275e-66,2.0503041050324506e-58
0.9769769769769769,3.5508052240387765e-73,3.2654189167802133e-66,1.1895569980500715e-58
0.9779779779779779,1.9292762885557962e-73,1.8283037801970414e-66,6.893959302744809e-59
0.978978978978979,1.0470766800029438e-73,1.0225258455562112e-66,3.990879898979245e-59
0.97997997997998,5.676478952672261e-74,5.712375069197521e-67,2.307730476399081e-59
0.980980980980981,3.0739447724505772e-74,3.1876866237717783e-67,1.3329626993913908e-59
0.9819819819819819,1.6627600184292568e-74,1.7768509918428276e-67,7.690726936794186e-60
0.9829829829829829,8.984203280707748e-75,9.893338804856476e-68,4.4323420790431275e-60
0.983983983983984,4.848931518701174e-75,5.5023883521002655e-68,2.551617865047144e-60
0.984984984984985,2.6141410408367457e-75,3.056863738400926e-68,1.4672850122957616e-60
0.985985985985986,1.4077594915052121e-75,1.6963575862143478e-68,8.42810257708219e-61
0.986986986986987,7.572589186547795e-76,9.403190063771857e-69,4.835725364551021e-61
0.9879879879879879,4.0688981010629713e-76,5.206543576779167e-69,2.7714683753853128e-61
0.988988988988989,2.183864630759052e-76,2.879653839828523e-69,1.586626525674428e-61
0.98998998998999,1.1708226071384262e-76,1.5909170858791915e-69,9.073105860690468e-62
0.990990990990991,6.270078360085953e-77,8.779530487238504e-70,5.182672063192928e-62
0.991991991991992,3.3540638155660495e-77,4.839622872199281e-70,2.957113302137089e-62
0.992992992992993,1.7921987015895665e-77,2.6648221763532673e-70,1.6853832924198526e-62
0.993993993993994,9.565715923852892e-78,1.4656876591414094e-70,9.59502007764031e-63
0.994994994994995,5.099942555807987e-78,8.05250702796787e-71,5.456442404315127e-63
0.995995995995996,2.715998798047727e-78,4.419135090560819e-71,3.0994864842828514e-63
0.996996996996997,1.4448086946177804e-78,2.4224784778805535e-71,1.758678289961079e-63
0.997997997997998,7.67728394976358e-79,1.32647497399256e-71,9.967805200994217e-64
0.998998998998999,4.074941184240819e-79,7.25528836259102e-72,5.6432483813601036e-64
1.0,2.1604865644343378e-79,3.9639373305060513e-72,3.191356149267599e-64
