t,comp1,comp2,comp3,blend
0.0,1.0,1.0,1.0,1.0
0.05,0.9193689472454544,0.9090616579945453,0.8965018959394676,0.908310833726489
0.1,0.6904785223184307,0.6527861960715837,0.6074312988461209,0.6502320057453784
0.15000000000000002,0.3502400770735307,0.27778414543902724,0.19262472619757376,0.2735496495700439
0.2,-0.04647882043391293,-0.14774036443678368,-0.2620544343642291,-0.1520912064116419
0.25,-0.4357024454966048,-0.5463943467342689,-0.6624893206913263,-0.5481953709740667
0.30000000000000004,-0.7546637768230546,-0.8456719370854188,-0.9257914297146195,-0.8420423812076976
0.35000000000000003,-0.9519264385475755,-0.9911415197583902,-0.9974582232760072,-0.9801753938606576
0.4,-0.995679438502144,-0.9563455694321729,-0.8626549468600879,-0.9382266515981349
0.45,-0.8788670757917476,-0.7476126581691069,-0.5492853675272518,-0.7252550338293687
0.5,-0.6203267579765562,-0.4029064357136628,-0.12221579993988999,-0.3818163312100364
0.55,-0.26175124106643627,0.015079073236037596,0.33015197480751246,0.027826602325704598
0.6000000000000001,0.1390348320976742,0.430322050347609,0.7141795426660785,0.4278454750371206
0.65,0.5173998554986107,0.767299479885182,0.9503746532751299,0.7450246628863075
0.7000000000000001,0.812327888811742,0.9647230243779431,0.9898458143618584,0.9222989091838478
0.75,0.9762582164113371,0.9866859442078679,0.8244226452511761,0.9291222686234604
0.8,0.9827550885118901,0.8291936963450934,0.4883471146843623,0.7667652998471152
0.8500000000000001,0.8307708058392425,0.5208904485883238,0.05118558313102285,0.46761561251952966
0.9,0.5448146738214751,0.11784937330935558,-0.39657117004090386,0.08869762569664229
0.9500000000000001,0.17100058039100693,-0.30662575519988283,-0.7622391947642296,-0.2992881231910352
1.0,-0.23038942667659007,-0.6753328081210243,-0.9701265964901058,-0.6252829437625734
1.05,-0.5946263497112886,-0.9212125692973395,-0.9772014713451368,-0.831013463451255
1.1,-0.8629725756003608,-0.9995452431006846,-0.7819993470613995,-0.881505721920815
1.1500000000000001,-0.9921540269515141,-0.8960839425699981,-0.42492632318280393,-0.7710547642347719
1.2000000000000002,-0.9613386309271432,-0.6296458659692596,0.02010483832545803,-0.5236265528569816
1.25,-0.7754957431722354,-0.2486898871648556,0.4609743745354615,-0.18773708526720978
1.3,-0.4645947790600334,0.1774969836641413,0.8064239631756469,0.1731087225932516
1.35,-0.07877228266808085,0.5714012916823653,0.984946849300512,0.4925252861049321
1.4000000000000001,0.3197531978826837,0.8613810275298504,0.9595894724193818,0.713574565943972
1.4500000000000002,0.6667146044996216,0.9946956384202958,0.7356007133945464,0.7990036521048213
1.5,0.9061602102212897,0.9470983049947441,0.3593453960058931,0.7375346370739756
1.55,0.9994765125141127,0.7272458724243964,-0.09129305576174479,0.5451431097255881
1.6,0.9316151279920258,0.37512437211687777,-0.5230341911589165,0.261235102983329
1.6500000000000001,0.7135195264058243,-0.04522350508293316,-0.8465092322685246,-0.05940440364854449
1.7000000000000002,0.3803602636695683,-0.4573462811389096,-0.9947600721590742,-0.35724869654280517
1.75,-0.014136696038032191,-0.786288432136619,-0.9370993491224596,-0.5791748257657036
1.8,-0.40635394237759925,-0.9722230504211844,-0.685462614184777,-0.6880132023278535
1.85,-0.7330416963874349,-0.9813329641761737,-0.29193771730209556,-0.6687707926219013
1.9000000000000001,-0.9415176030118776,-0.8119612924962032,0.16201718006964214,-0.5304872384794795
1.9500000000000002,-0.9981623986007514,-0.49491279339181266,0.5824351355164928,-0.30354668549202374
2.0,-0.8938414241512642,-0.08785119655074371,0.8822912264349522,-0.03313379808901858
2.0500000000000003,-0.6453776996518985,0.3351884846053685,0.9995163790228945,0.22977572132545485
2.1,-0.2928390084580565,0.6972651956628113,0.9098454311982,0.4380905394676516
2.15,0.10692351781492584,0.9325256250568849,0.6318399291392051,0.5570963573370052
2.2,0.48944333247664074,0.9981813860104127,0.22304595760890994,0.5702235586986545
2.25,0.7930344848157803,0.8822912264349528,-0.23191768138315833,0.4811360099558583
2.3000000000000003,0.968739226392212,0.6059328642635837,-0.6388752397326866,0.3119322836410364
2.35,0.9882230406313864,0.2193694420067275,-0.91358804599511,0.0980014788810013
2.4000000000000004,0.8483439266257476,-0.20709216693564203,-0.9991915909518146,-0.11931327708723634
2.45,0.5716590848165926,-0.59588853927112,-0.8779662653950392,-0.3007319066165222
2.5,0.20278729535651477,-0.8763066800438627,-0.57500525204328,-0.4161748789102093
2.5500000000000003,-0.19878640032325184,-0.9973450676736202,-0.15302033186886227,-0.4497172666219114
2.6,-0.5683033825403174,-0.9369896415802631,0.30063921676783384,-0.40155126911758227
2.6500000000000004,-0.8461745647209924,-0.7062176465237159,0.6920675875211045,-0.28677487457453454
2.7,-0.9875898549665199,-0.3470011277274488,0.9402405918940112,-0.13145013026665245
2.75,-0.9697443258207302,0.07532680552793244,0.9937873590233535,0.033123279576851905
2.8000000000000003,-0.7955157848875948,0.4839545491767618,0.8416239111562145,0.17668755848179382
2.85,-0.4930006935177706,0.8045622442093243,0.5152475050157206,0.2756030185690914
2.9000000000000004,-0.11098327229382614,0.978838826184721,0.08221681909313079,0.31669079099467523
2.95,0.2889315450965063,0.9750874482725088,-0.3678324366255096,0.2987288522478352
3.0,0.6422526531765844,0.7939903986478348,-0.7417417727387359,0.2315004263618944
3.0500000000000003,0.8920027461366057,0.46848500818059347,-0.9621133744900537,0.1327914599423818
3.1,0.9979065981347455,0.05777311791664269,-0.9833311559393659,0.02411618670400743
3.1500000000000004,0.9428859310162622,-0.3634463554589616,-0.8010031167819245,-0.07385451374154132
3.2,0.735813493407198,-0.7185634108878366,-0.45287046975747586,-0.14520679574603815
3.25,0.4100822225892906,-0.9429905358928641,-0.010995352723223143,-0.1813012220089322
3.3000000000000003,0.018220229124783518,-0.9959096691760277,0.4331557606316936,-0.18151122647318355
3.35,-0.37657999685124094,-0.8676960542550538,0.7876452740100515,-0.15221025903208107
3.4000000000000004,-0.710652139642433,-0.5816687582568187,0.9790952023238536,-0.10440856519179938
3.45,-0.9301230221103401,-0.1898494773140928,0.9678761363670908,-0.0506987876857807
3.5,-0.9996003076502568,0.23649899702372468,0.7563103802514752,-0.0022636434583522824
3.5500000000000003,-0.9078799429109573,0.6198338180109642,0.3881912432612016,0.03338170612040281
3.6,-0.6697529470283654,0.8904353195405453,-0.0602820091099431,0.053466787800745603
3.6500000000000004,-0.32362018073705834,0.999087397825899,-0.49627711417740983,0.05973003430381026
3.7,0.07470025728513639,0.9260287731575905,-0.8295447384328836,0.05706143066994773
3.75,0.46097437453545925,0.6845471059286904,-0.9910997473659745,0.05147391103272503
3.8000000000000003,0.7729107935624631,0.31856228102420936,-0.9475008667245624,0.047990735954036724
3.85,0.9602059906488765,-0.1053615952039008,-0.707772899479747,0.04902383198840957
3.9000000000000004,0.9926563479608101,-0.5101226538742257,-0.321538625831769,0.05366502275160514
3.95,0.8650288525536196,-0.8221042958190624,0.13125292412784345,0.05805916028746688
4.0,0.5979049830575206,-0.9845643345292052,0.5568756164881842,0.05673875500549985
4.05,0.23436169709918597,-0.9679550768797698,0.8672271678403934,0.044544596019936544
4.1000000000000005,-0.1669752495840477,-0.7752973595759135,0.9980659838700761,0.018597791570038307
4.15,-0.5413854159514514,-0.441631129389979,0.922308925784028,-0.02023587318580078
4.2,-0.8284906302506047,-0.027642493834603005,0.6556374173444777,-0.06683190224691
4.25,-0.9819917011209964,0.39137366683720265,0.2532514496123357,-0.11245552822381936
4.3,-0.9771347226761625,0.7392080827754679,-0.20155660789072857,-0.1464944159304744
4.3500000000000005,-0.8147029414865249,0.9525977838244724,-0.6146432118386729,-0.15891612316690848
4.4,-0.5208904485883209,0.9927321587553368,-0.9005010015886487,-0.14288643047387758
4.45,-0.14307806521119584,0.8523117005407904,-0.9999584986005577,-0.09690828775698772
4.5,0.25780738821406,0.5568756164881867,-0.8924283781237196,-0.02591512447382427
4.55,0.6171182794001109,0.16015684190218152,-0.6001689673556443,0.059035384648882694
4.6000000000000005,0.876911377501962,-0.2656907280106587,-0.18367685611300452,0.14251459779276623
4.65,0.9952919005229618,-0.6432153493404691,0.27083566786461355,0.2076374063490354
4.7,0.9531695560694865,-0.9037540958273139,0.669286235570327,0.23956723193749985
4.75,0.7573370820970835,-0.9999210442038162,0.9291970903653575,0.22887104275287493
4.800000000000001,0.4393748356855839,-0.9142256687878002,0.9967676708576358,0.1739722792518065
4.8500000000000005,0.05055807816372025,-0.6622539602950046,0.8580111231047177,0.08210508032447779
4.9,-0.3464117814933115,-0.28983369753066185,0.541649526343425,-0.03153198422684944
4.95,-0.6875185478935832,0.13530055705517838,0.11316853149847889,-0.14634981977997533
5.0,-0.9177546256839791,0.5358267949789939,-0.3387379202452879,-0.2402219169834244
5.050000000000001,-0.9999916601958732,0.8388986322278413,-0.7205269069514639,-0.29387331163983194
5.1000000000000005,-0.9209679340930476,0.9893943680257964,-0.9531695560694866,-0.29491437404557924
5.15,-0.6934269798320185,0.9599423369881518,-0.9885097213846864,-0.24066478807618438
5.2,-0.35406253078646716,0.7558991768574201,-0.8192321226824469,-0.13913182553716466
5.25,0.042398787455580705,0.4143755809932858,-0.48037658101397473,-0.007867404188369398
5.300000000000001,0.4320227879615221,-0.002513271477007834,-0.042084908605436636,0.12914153595969255
5.3500000000000005,0.7519778840528687,-0.4189450184650376,0.4049181803035359,0.24598368196378897
5.4,0.9506674432655838,-0.7591804347117578,0.7681047412904014,0.3198639166147425
5.45,0.9960503689383459,-0.9613386309271436,0.9722965333903395,0.33566942380051396
5.5,0.8808081149230045,-0.9886517447379141,0.9752266299092243,0.2891276666981049
5.550000000000001,0.623524889745685,-0.8361521575741502,0.7762885119782132,0.18788708138324936
5.6000000000000005,0.26569072801065163,-0.5315759886622344,0.41666161565976706,0.05025878500272809
5.65,-0.1349892799376231,-0.1303185416326115,-0.02921265516984078,-0.0981734922466918
5.7,-0.5139006323819942,0.2946408096142884,-0.46904001715014976,-0.22943327997261853
5.75,-0.8099392868259983,0.6660118674342521,-0.8117778741233338,-0.3185684311716933
5.800000000000001,-0.9753654265419089,0.9162508952933643,-0.9864807893164148,-0.34853177352165315
5.8500000000000005,-0.9835020839328976,0.9998452485944886,-0.9569859217367196,-0.31354758569170954
5.9,-0.8330371244962911,0.9015910635571845,-0.7293985971322811,-0.22028155269046254
5.95,-0.5482348443961715,0.6393584855462323,-0.3508285287126418,-0.08656829585419368
6.0,-0.1750230589752759,0.26084150628989505,0.10036171485120478,0.06206005405527465
6.050000000000001,0.22641331344861487,-0.16511646118286588,0.5307774640003368,0.19735810542202858
6.1000000000000005,0.5913377982304918,-0.5610435942200585,0.8513242907452763,0.2938728315852365
6.15,0.8609019046026053,-0.8549299787549524,0.9956502174245868,0.3338740477574132
6.2,0.9916351572017206,-0.9933245336923793,0.933880324482099,0.3107303159971468
6.25,0.962455236453649,-0.9510565162951549,0.6788007455329464,0.23006648856381354
6.300000000000001,0.7780677578168068,-0.7358134934071964,0.28321198618871435,0.1084887501994416
6.3500000000000005,0.468207434325696,-0.386743152287857,-0.17100058039100527,-0.029845432784388753
6.4,0.08284299416020917,0.032666750933523524,-0.5898166752432863,-0.1581023100498512
6.45,-0.3158808816702306,0.4461353338177045,-0.8865429548336395,-0.2520961675620552
6.5,-0.663665141432455,0.7784623015670219,-0.999758204436984,-0.2949870147674724
6.550000000000001,-0.9044253631343021,0.9692051272798314,-0.9060272966839468,-0.28041584417947246
6.6000000000000005,-0.9993360465012809,0.9836721383166104,-0.624752174063158,-0.21347202741594284
6.65,-0.9330916948983337,0.819232122682445,-0.21415572039590006,-0.1093384308705962
6.7,-0.7163750119430388,0.5057928851395789,0.24077015534073762,0.010062676179092575
6.75,-0.38413418622770573,0.10036171485121623,0.6458575218931293,0.12069501683887991
6.800000000000001,0.010052927156736056,-0.3233229113359409,0.9172548304271748,0.20132828208265666
6.8500000000000005,0.40261888434133997,-0.6882026385445571,0.9987838671820637,0.23773337099294886
6.9,0.7302576725193449,-0.9279143519271315,0.8735684306977738,0.22530391709666242
6.95,0.9401335708627084,-0.9988600799350685,0.5675276415247742,0.16960037748413803
7.0,0.9984015501089751,-0.8881364488135445,0.14401078255226157,0.08475862794923074
7.050000000000001,0.8956651932411269,-0.6158815054325838,-0.30931576233712255,-0.009844024842859808
7.1000000000000005,0.6484919814800068,-0.23161207609990192,-0.6986151173106453,-0.09391173731018015
7.15,0.2967415873796642,0.19478218961071236,-0.9433037920648106,-0.15059333835814467
7.2,-0.10286197989363884,0.5857501165705461,-0.9927321587553373,-0.16994800735947665
7.25,-0.4858778077124597,0.8701837546695261,-0.8366687329036769,-0.15078759531553684
7.300000000000001,-0.7905399572394276,0.9963512569890517,-0.507418051887484,-0.10053558404595331
7.3500000000000005,-0.9677179687728975,0.9413056965773049,-0.07313375819842552,-0.033182010131339375
7.4,-0.9888397431230688,0.7150585774315048,0.37628894612336233,0.03416926014393279
7.45,-0.8504991384861461,0.35875897534889617,0.7478212654397419,0.08536036743416399
7.5,-0.5750052520432841,-0.06279051952930874,0.9645574184577976,0.10892054896173493
7.550000000000001,-0.20678480797712534,-0.47291988292821363,0.9816338433400447,0.10064305081156855
7.6000000000000005,0.19478218961071236,-0.7970361462173055,0.7955157848875938,0.06442060942700023
7.65,0.5649382011862493,-0.9761901181955526,0.4447289754629697,0.011159019484555463
7.7,0.8439910889559797,-0.9777978685121788,0.0018849544759357256,-0.043973941693421094
7.75,0.9869401966897559,-0.8015669848708787,-0.44134924494009775,-0.08532534437374022
7.800000000000001,0.9707332502937868,-0.47954975600863353,-0.7932258241964355,-0.10068077663709409
7.8500000000000005,0.7979838160677598,-0.07031360770529532,-0.9809076656604034,-0.08441248576597966
7.9,0.4965498315004639,0.351710946408313,-0.9655453398157814,-0.039094853969001475
7.95,0.11504117561521833,0.7097674798588512,-0.7503187898603354,0.024829955204578053
8.0,-0.2850192624699719,0.9387338576538733,-0.37977909552180933,0.09131183322069736
8.05,-0.6391168941786181,0.9969664342500455,0.06937343151337952,0.14240765719493564
8.1,-0.8901491898655788,0.8738740617146413,0.50416592128094,0.1626302643766675
8.15,-0.9976341529776084,0.5918443725914282,0.8345979770795039,0.14293606556444124
8.200000000000001,-0.94423853205269,0.20217199153076626,0.9922714163170856,0.08340162526505394
8.25,-0.7385730173461447,-0.2242707609493804,0.9445484349501155,-0.006098447781803166
8.3,-0.4138036627901476,-0.609923891107463,0.7013075091617755,-0.10747334824527832
8.35,-0.022303458305263184,-0.88464608645188,0.31289858825013617,-0.19801698550233568
8.4,0.3727934488260883,-0.9984717850692079,-0.14027915395572632,-0.2553191633996153
8.450000000000001,0.7077728994797465,-0.93069874633969,-0.564419643214322,-0.26244849669142184
8.5,0.9286154021410165,-0.6936533058128047,-0.8717274065385011,-0.2122551034034298
8.55,0.9997074298448588,-0.33044850217147276,-0.9985909021940119,-0.10977732484020863
8.6,0.9095845325188417,0.09285717928116594,-0.9187498676311661,0.027897281389613893
8.65,0.6727801183403275,0.4992743048795525,-0.6487310942569383,0.1744411096543139
8.700000000000001,0.32748176573359195,0.8148850754945921,-0.2444274442812805,0.2993131323156345
8.75,-0.07062698593116574,0.982287250728689,0.210471759821301,0.37404400820627476
8.8,-0.4573462811389155,0.9710342780540631,0.621804107724319,0.37849736821315555
8.85,-0.77031295210343,0.7831728108260408,0.904425363134294,0.30576174061896827
8.9,-0.9590573345108417,0.452870469757468,0.9998339978469633,0.1645490443645298
8.950000000000001,-0.9931421118510916,0.040201549362941985,0.8882807862547777,-0.02155325874445731
9.0,-0.8670707011644898,-0.3797790955218039,0.5928568201610657,-0.2179976588417427
9.05,-0.6011736435828623,-0.7306867778563941,0.17471374033529388,-0.38571556036798754
9.1,-0.23833005846049324,-0.9486995719838393,-0.27959442124651895,-0.48887468389695043
9.15,0.1629471336953329,-0.9941660338362999,-0.6760275978185226,-0.5024154993198299
9.200000000000001,0.537947127984777,-0.8588168740983323,-0.9325256250568852,-0.41779845705681345
9.25,0.826196635762816,-0.567268949126753,-0.9959943839327466,-0.24568889909889455
9.3,0.9812119344932192,-0.17254802874563663,-0.8532960820246575,-0.014877392092358277
9.35,0.9779949307166019,0.25355535493632864,-0.5339687267329016,0.23252718630667632
9.4,0.8170644052354038,0.633542931449292,-0.10411186975220156,0.4488318223108314
9.450000000000001,0.5243723534294055,0.8983038204117104,0.3472957494875987,0.5899906411095716
9.5,0.14711891183864884,0.9996841892833,0.7268144654868927,0.6245391888696138
9.55,-0.25385923523544,0.9192453127499158,0.9558853431228777,0.5404238068791178
9.600000000000001,-0.6138995075325323,0.6716171469410017,0.9870915793339128,0.3482697395807941
9.65,-0.8749410526739233,0.30183748152160084,0.8139736015546019,0.08029001013409313
9.700000000000001,-0.9948877614647822,-0.12283938414716492,0.4723661747428382,-0.21512032362303626
9.75,-0.9543967750966058,-0.5251746299612893,0.03298074091465423,-0.48219688804774696
9.8,-0.7599977552852606,-0.8319928555514098,-0.41323158122388653,-0.6684073973535191
9.850000000000001,-0.44303989727442594,-0.9874909794530682,-0.7739065329732105,-0.734812469900235
9.9,-0.05463649260459728,-0.9633875185211169,-0.9743857669569557,-0.6641365926942232
9.950000000000001,0.34257770790028047,-0.7640663303030439,-0.9731708419334799,-0.4648864881120811
10.0,0.684547105928682,-0.42577929156507827,-0.7705132427757941,-0.17058180947073018
10.05,0.9161249963348781,-0.010052927156730907,-0.40836232405644907,0.1659032483738994
10.100000000000001,0.9999666409225975,0.40750183030748593,0.0383180472820869,0.4819288395040568
10.15,0.9225515595562839,0.7509415061469897,0.4770667281306271,0.7168532646113003
10.200000000000001,0.6963638712552326,0.9578024309623305,0.817064405235404,0.823743569150989
10.25,0.3578790788751039,0.9904614256966517,0.9879328486657556,0.7787577844125037
10.3,-0.038318047282090824,0.8429785806845481,0.9543029385440612,0.5863211573155062
10.350000000000001,-0.4283359244555784,0.5421775867253118,0.7231359387449451,0.2789925336715595
10.4,-0.7492794485861642,0.14276713114745027,0.34228254166957534,-0.08807659192304619
10.450000000000001,-0.9493925912230575,-0.2826093368292729,-0.10942204363744712,-0.4471413238965925
10.5,-0.9964046856445928,-0.6565857557529536,-0.538476680826648,-0.7304890407413982
10.55,-0.8827344625199549,-0.9111445346515008,-0.8560686869231295,-0.8833158946981952
10.600000000000001,-0.6267126213639073,-0.9999873669329657,-0.996457720935344,-0.8743859030774056
10.65,-0.2696257833376174,-0.9069558128638633,-0.9305837851609806,-0.7023884604541538
10.700000000000001,0.13094147620925892,-0.6489701430066586,-0.6720825345193465,-0.39670373377224877
10.75,0.5103928376041483,-0.27295193551732755,-0.27446274768782564,-0.012340615200334951
10.8,0.8075371753702439,0.1527098648982667,0.17996978718558856,0.38007227581803305
10.850000000000001,0.9744563679592644,0.5505973014704094,0.5971492585352168,0.7074009759882968
10.9,0.9842326749244306,0.8483439266257491,0.8907210976857427,0.9077658997453074
10.950000000000001,0.835289548420438,0.9917965715056108,0.9999170471218977,0.9423343890159822
11.0,0.5516458706284338,0.9548645447466434,0.9021339593682056,0.8028814582477609
11.05,0.17904261824348142,0.7442649209095669,0.6176125628080514,0.5136400339870333
11.100000000000001,-0.22243342373526273,0.3983008612318129,0.20524770765869668,0.1270383817184156
11.15,-0.5880393834668635,-0.02010483832546005,-0.24960264470153573,-0.28591562216461974
11.200000000000001,-0.8588168740983398,-0.4348539365555359,-0.6527861960715851,-0.6488190022418202
11.25,-0.9910997473659743,-0.7705132427757894,-0.9208454801410222,-0.8941528234275952
11.3,-0.9635557886038442,-0.9660341554134987,-0.998293241555856,-0.975961061857733
11.350000000000001,-0.7806267945959877,-0.9858559792233167,-0.8690980873757397,-0.8785269537316814
11.4,-0.47181228007477266,-0.8263735866196734,-0.5600029246235744,-0.6193962637726735
11.450000000000001,-0.08691232386364299,-0.5165931063274355,-0.1349892799376219,-0.24616490337623345
11.5,0.312003296688413,-0.11285638487348029,0.3179666338323981,0.1723711818824436
11.55,0.660604608690719,0.31140628163073525,0.7051046600901062,0.5590385168038535
11.600000000000001,0.9026754305865596,0.6790314062517837,0.9462886953806736,0.8426651774063391
11.65,0.9991789119546798,0.9231565503644845,0.9915945589396024,0.9713100070862555
11.700000000000001,0.9345526982007044,0.9993810422739491,0.8316441088045573,0.9218592830930703
11.75,0.7192185486256852,0.8938414241512624,0.4995464816407575,0.7042021514725684
11.8,0.38790170157809833,0.6257328917723511,0.0640446269970791,0.3592264067825095
11.850000000000001,-0.00596899059654426,0.24381813596132437,-0.3847142225855105,-0.04895502574024347
11.9,-0.3988771107798111,-0.18244145392005642,-0.7538386868826463,-0.44505241719417127
11.950000000000001,-0.7274614682393541,-0.5755191971363409,-0.9669214014601237,-0.7566340222786062
12.0,-0.9387338576538742,-0.8639234171928372,-0.9798550523842511,-0.9275041090769874
12.05,-0.9986240486704634,-0.9952001108909342,-0.7899624229565647,-0.9279288608393207
12.100000000000001,-0.8974740229864384,-0.9454731084928943,-0.4365505674187422,-0.7598325662993584
12.15,-0.651595446715911,-0.7237865923006951,0.0072256002278454105,-0.4560521462629202
12.200000000000001,-0.30063921676782823,-0.3704601707692767,0.4495060960258958,-0.07386443050373638
12.25,0.09879872627481238,0.050244318179760564,0.7987405344192593,0.31592785962461073
12.3,0.48230417869678677,0.4618105371478868,0.9826387109152546,0.6422511422533094
12.350000000000001,0.7880322437662813,0.7893841869782564,0.9631344002988198,0.8468502770144525
12.4,0.9666805699969631,0.9733872584703661,0.7442649209095815,0.8947775831256369
12.450000000000001,0.9894399521552079,0.9803538831334195,0.37133542505451766,0.7803764201143816
12.5,0.8526401643540983,0.8090169943749521,-0.07845909572783208,0.5277326876670727
12.55,0.578341828407619,0.4905387773710889,-0.5120128812019259,0.18562257485892733
12.600000000000001,0.21077887150814603,0.08284299416020427,-0.839581941758087,-0.18198669202991224
12.65,-0.1907747300075484,-0.3399199981220606,-0.993360723963388,-0.508018484030999
12.700000000000001,-0.5615635968842979,-0.700859468316903,-0.9415176030118787,-0.73464688940436
12.75,-0.8417935357502297,-0.9343289424566097,-0.6947839083576851,-0.8236354621881748
12.8,-0.9862740766371431,-0.9978657667668943,-0.30423257920991154,-0.762790807537983
12.850000000000001,-0.9717059833165096,-0.8799140743296078,0.14929374022121977,-0.5674421058082991
12.9,-0.8004385371904758,-0.6019265278387307,0.5719168215303218,-0.2768160811662949
12.950000000000001,-0.5000906872264923,-0.21446258044633537,0.8761552894220086,0.05386734058306031
13.0,-0.11909716009487879,0.21200710992204957,0.9990329346781239,0.3639809615017649
13.05,0.2811022258338014,0.5999176501510886,0.9151145506678074,0.5987114755508992
13.100000000000001,0.6359704749612287,0.8787171574910279,0.6417709246728411,0.7188195190416993
13.15,0.8882807862547742,0.997698502043002,0.23558315078826014,0.7071874796953455
13.200000000000001,0.99734506767362,0.9352217514007455,-0.21936944200671518,0.5710657923558834
13.25,0.9455753835603087,0.7026499697988521,-0.6289133921286661,0.33977065374349813
13.3,0.7413202221764903,0.3422825416695694,-0.9082746548434261,0.05844270300087787
13.350000000000001,0.4175182009080186,-0.08033810013340213,-0.9996265080731268,-0.22081546909950345
13.4,0.026386315472777856,-0.4883471146843612,-0.8840594645943941,-0.44867342126865917
13.450000000000001,-0.3690006827522562,-0.8075371753702454,-0.5854954641910701,-0.5873444407711906
13.5,-0.7048818539423567,-0.9798550523842464,-0.16573612282813177,-0.6168243430515783
13.55,-0.9270922932305694,-0.9739601416592686,0.28832996750892875,-0.5375741557936363
13.600000000000001,-0.9997978773111629,-0.7909245900105027,0.6827128478839707,-0.369336539812565
13.65,-0.9112739506130427,-0.4640382966279475,0.9357767575114965,-0.14651182990983125
13.700000000000001,-0.6757960679434695,-0.052754256600619616,0.9951384266863158,0.08886270071407558
13.75,-0.3313378884625762,0.36812455268467664,0.8485102149815119,0.2950989597345374
13.8,0.06655253654674118,0.7220500890246971,0.5262436062235427,0.43828207726499374
13.850000000000001,0.4537105593855472,0.9446515494831204,0.09504656642933058,0.49780289176599934
13.9,0.7677022621261346,0.9954429185757828,-0.35582475221065474,0.46910680949708755
13.950000000000001,0.9578926816721766,0.8651864305157404,-0.7330416963874307,0.3633458052668288
14.0,0.9936113105200088,0.5775727034222676,-0.9585217890173706,0.20422074164163526
14.05,0.8690980873757347,0.18491196825512657,-0.9855915059193012,0.02280618323718664
14.100000000000001,0.6044322767673309,-0.24137994253218847,-0.8086475183396096,-0.14853172803482237
14.15,0.24229444456977645,-0.6237704697849928,-0.46431656075709327,-0.2819308619907699
14.200000000000001,-0.15891629991226902,-0.8927116924093864,-0.023873835730066618,-0.358500609350574
14.25,-0.5344998672707346,-0.9992894726405894,0.4215106827663887,-0.3707595523816451
14.3,-0.8238888606387944,-0.924119797220913,0.7796440882477031,-0.3227881898706681
14.350000000000001,-0.9804158016347623,-0.6808742774538588,0.9763941237777272,-0.22829865177029798
14.4,-0.9788388261847213,-0.313793601875183,0.9710342780540653,-0.10719938333527963
14.450000000000001,-0.8194122406700811,0.11035881347640236,0.764674018817647,0.018540197207989384
14.5,-0.5278455119450679,0.5144395337815084,0.4000291372372884,0.12887438635790963
14.55,-0.1511573045802716,0.8249556975583274,-0.04742025888915372,0.20879271136296737
14.600000000000001,0.24990684798423157,0.9854316546073271,-0.48505384123742107,0.2500948871180459
14.65,0.6106704960616441,0.9666805699969616,-0.8222831177149624,0.2516893161145478
14.700000000000001,0.8729561341718846,0.7721128288177705,-0.9893029068235484,0.21858868538870224
14.75,0.9944670280684813,0.4371157666509424,-0.951540745536524,0.1600140163942999
14.8,0.9556080751593937,0.022617538316734374,-0.7168132580507388,0.0871374518084631
14.850000000000001,0.7626457520086058,-0.39599429288701116,-0.3337081442175343,0.010981104968020128
14.9,0.4466975691313535,-0.7425839952132204,0.11847329008779374,-0.05913771199802439
14.950000000000001,0.05871399573017421,-0.9541149828904726,0.5461312025813227,-0.1164232615263252
15.0,-0.33873792024527843,-0.9921147013144789,0.8607420270039414,-0.1567035315186053
15.05,-0.681564245986233,-0.8496718877049382,0.9971825156662909,-0.17801787267496014
15.100000000000001,-0.9144800863797267,-0.5526935686623293,0.9272100047810944,-0.17998788342032054
15.15,-0.9999249425974843,-0.15519317607725766,0.6653085387743051,-0.1632698599668123
15.200000000000001,-0.924119797220913,0.27053323675386765,0.2656907280106483,-0.129298610818799
15.25,-0.6992891476018773,0.6470559615694381,-0.1889240559841138,-0.080385747338851
15.3,-0.36168965768088956,0.9058942937252932,-0.6044322767673145,-0.02007588024097029
15.350000000000001,0.034236667978583234,0.9999715756739831,-0.8948253081937186,0.04646097848628258
15.4,0.4246419164742009,0.9121773433339195,-0.9999928938932473,0.11227545530495775
15.450000000000001,0.7465685154317753,0.6584793205583982,-0.8981657424088618,0.16896069786043721
15.5,0.9481019036840284,0.28501926246998266,-0.610421687981611,0.20756649272413338
15.55,0.9967423827110206,-0.14027915395573115,-0.1963226587873139,0.2200468566559918
15.600000000000001,0.8846460864518786,-0.5400640630241199,0.2584144163442284,0.20099881325732905
15.65,0.6298898996611344,-0.8416239111562207,0.6596606871686721,0.14930889189119526
15.700000000000001,0.27355634141212826,-0.9901119931429315,0.924359697102683,0.0692680151239599
15.75,-0.12689148842836032,-0.9585217890173776,0.9977197547964916,-0.02923117421641545
15.8,-0.5068765296737218,-0.7525988203531377,0.8645556064799446,-0.13163991451563836
15.850000000000001,-0.8051215945107458,-0.40979567385254345,0.5524317259122531,-0.22082851415034535
15.9,-0.9735310558261372,0.007539750930369414,0.1259565728349561,-0.2800115773536039
15.950000000000001,-0.9849468493005102,0.42350387081579843,-0.3265911132071271,-0.2960113638972796
16.0,-0.8375280400421466,0.7624425110114452,-0.711535677209273,-0.26220706874665817
16.05,-0.5550476956236734,0.9627106355554013,-0.9491950540862623,-0.18051070471817812
16.1,-0.18305919115095393,0.987884142042501,-0.9903746540001168,-0.061849901036189925
16.150000000000002,0.218449823919561,0.8333845565879441,-0.8265504559167308,0.07509464153025806
16.2,0.5847311604366926,0.5273117514752899,-0.49163344763788197,0.20680315475803354
16.25,0.8567175188650382,0.12533323356430717,-0.054950179912466764,0.30903352417229285
16.3,0.9905478063747005,-0.29944047726371725,0.39310756669040026,0.36140496526712784
16.35,0.9646402690209607,-0.6697529470283712,0.759793537604632,0.3515602865324072
16.400000000000002,0.7831728108260378,-0.9182529716809674,0.9692051272798305,0.278041655474967
16.45,0.4754092561798547,-0.9997441907610627,0.9779949307166025,0.15121999871179814
16.5,0.09098020390357653,-0.8994052515663716,0.7843434919334253,-0.008027185243123255
16.55,-0.30812050761383947,-0.6354854676347873,0.42833592445557706,-0.17175668359768323
16.6,-0.6575330573229156,-0.25598569411266286,-0.016335555186612432,-0.3099514355407303
16.650000000000002,-0.900910441766264,0.17007190860890506,-0.4576256368475952,-0.3961547233349847
16.7,-0.999005111495251,0.5651973965492545,-0.8041889469421437,-0.41266555396271337
16.75,-0.9359981135301869,0.857526656193652,-0.9842881944068049,-0.35425321724778
16.8,-0.7220500890247016,0.9938918111585807,-0.9606435179309314,-0.2296005985990174
16.85,-0.39166274688006114,0.9494912192443854,-0.7381492758872614,-0.060106934507645704
16.900000000000002,0.0018849544759347485,0.7324003128765413,-0.3628609327076346,0.12380811154828048
16.95,0.3951286841043265,0.3821028662341821,0.08753824761774127,0.28825659931875
17.0,0.7246531301870438,-0.037690182669935374,0.5198173426206827,0.40226009671259705
17.05,0.9373184867320399,-0.45062826613027934,0.8444962187855958,0.44372881312911877
17.1,0.9988298905740259,-0.7816075748252606,0.9943675798893011,0.40386329854602215
17.150000000000002,0.899267883216635,-0.9704306896132108,0.9384086224773974,0.2890819386936072
17.2,0.6546880435950402,-0.9827550885118909,0.688202638544571,0.12004519787590677
17.25,0.3045318316116648,-0.8163392507171828,0.295541318014087,-0.07208870036381032
17.3,-0.09473382473194986,-0.5014503369740791,-0.15829593468839076,-0.2514933654648066
17.35,-0.4787225050363603,-0.09535929874597471,-0.5793665291494167,-0.3844827776439172
17.400000000000002,-0.7855113862240178,0.32807537252765384,-0.8805104489642429,-0.44598215422020226
17.45,-0.9656270473678125,0.6918407829402868,-0.9993920446324805,-0.4243927696866687
17.5,-0.9900236577165578,0.9297764858882526,-0.9114032766354491,-0.3238834828212514
17.55,-0.8547669685181127,0.9986075247115427,-0.6347574863057753,-0.16363897670411512
17.6,-0.5816687582568079,0.8858151383119502,-0.2267193032343267,0.025809025606938558
17.650000000000002,-0.21476941933017574,0.6119136319095111,0.22824891591448068,0.20846437616460534
17.7,0.18676408835660227,0.22671930323432288,0.6359704749611995,0.3498179555173749
17.75,0.558179625921535,-0.19970998051441158,0.9120485572140441,0.42350606754038916
17.8,0.8395819417580805,-0.5898166752433005,0.9993360465012819,0.41636710433868734
17.85,0.9855915059193012,-0.8726494689045957,0.8797647635240554,0.3309022668462536
17.900000000000002,0.972662508664093,-0.9967676708576377,0.5780855104588122,0.18466011608842248
17.95,0.8028799073119687,-0.9395970741058203,0.15674474875891273,0.006675860655020377
18.0,0.5036232016357604,-0.7115356772092812,-0.2970415815770194,-0.16831801905018007
18.05,0.12315115808053652,-0.35406253078645794,-0.6893414308722202,-0.30675093452604724
18.1,-0.2771805005226111,0.0678063346683185,-0.938950217876103,-0.3827747945767985
18.150000000000002,-0.632813448005445,0.47734280881868685,-0.9941998701651921,-0.3832235031173168
18.2,-0.8863975664684357,0.8000617557646398,-0.8436539192156484,-0.3099965766398148
18.25,-0.997039347044608,0.977268123568195,-0.518474806021972,-0.1794153431661283
18.3,-0.9468964632409507,0.9767322056675989,-0.08597337397543575,-0.018712543849595847
18.35,-0.7440550620759395,0.7985514730335136,0.36432422048336477,0.1396068771469796
18.400000000000002,-0.4212257749858597,0.4751328464720618,0.7392080827754693,0.2643717180872238
18.45,-0.03046873252688718,0.06529863332963326,0.9610786749205833,0.3319695252411098
18.5,0.36520176189159054,-0.35641187871325863,0.9840096256511438,0.3309331696098252
18.55,0.7019790512517778,-0.7132993801136829,0.8032543151172755,0.26397799541845685
18.6,0.9255537207838509,-0.94045435555199,0.45622840719726204,0.14710925747637432
18.650000000000002,0.9998716485405408,-0.9965626113388797,0.014764948950279088,0.0060246620506467265
18.7,0.9129481690147415,-0.8714193639662247,-0.42975479774248737,-0.1294086642313235
18.75,0.6788007455329491,-0.5877852522924882,-0.7853169308807286,-0.2314338125467559
18.8,0.33518848460536804,-0.19724670802127542,-0.9783214371534014,-0.28012655352310295
18.85,-0.062476977092078716,0.22916641343691607,-0.9688171156117557,-0.26737589308897275
18.900000000000002,-0.4500672699178131,0.6138995075325493,-0.7587713247756942,-0.19831302905365267
18.95,-0.7650787671758513,0.8869785948821756,-0.3916627468800756,-0.08992097305791712
19.0,-0.9567120515588239,0.9987369566060167,0.05651853448199472,0.03284781317639584
19.05,-0.9940639361415099,0.9288483524632031,0.49300069351775777,0.14259503661315032
19.1,-0.8711109773713549,0.6900238900253816,0.8274335783942829,0.21544883034943652
19.150000000000002,-0.6076808282582072,0.3257001705814318,0.9905908500711319,0.23620339746478547
19.200000000000003,-0.24625478930262845,-0.09786081586965784,0.9486995719838368,0.2015279889371835
19.25,0.1548828154675635,-0.5036232016357468,0.7104310798498369,0.12056356456055119
19.3,0.5310436913083064,-0.8177882694973947,0.3251060480555394,0.012787156622150372
19.35,0.8215673433713487,-0.9832167186798324,-0.12751470292348413,-0.0963880260773226
19.400000000000002,0.9796033158248113,-0.9698209714046906,-0.5537403939176367,-0.18131934983250533
19.450000000000003,0.9796663950046766,-0.78003740176622,-0.8653439230873943,-0.2219049766163126
19.5,0.8217464086296021,-0.44838321609004556,-0.9978245414574409,-0.2081537829726281
19.55,0.5313098662043727,-0.0351785779052468,-0.923759263375668,-0.14254265835884739
19.6,0.1551931760772693,0.3844242233771779,-0.6584793205584129,-0.03962064036798855
19.650000000000002,-0.2459502923846989,0.7341092216582906,-0.25689665525944944,0.07708742467138076
19.700000000000003,-0.6074312988461321,0.9502768690023602,0.1978626435572296,0.18023607123781923
19.75,-0.8709566551034982,0.9936113105200097,0.6116651254287269,0.24477326028174615
19.8,-0.9940297073517353,0.8562310216845505,0.8988552456965889,0.2536855200098013
19.85,-0.9568034360538397,0.5631222738778278,0.9999857384555393,0.20210152542650914
19.900000000000002,-0.7652810280995804,0.16759471420552013,0.8941229751790356,0.09881222042832512
19.950000000000003,-0.45034779024780736,-0.2584144163442445,0.6031801464465572,-0.03519402004849822
20.0,-0.06279051952933172,-0.6374239897486801,0.18738131458573937,-0.17094439823075747
20.05,0.33489248257447946,-0.9005010015886463,-0.2672047388670648,-0.2776044192937439
20.1,0.6785700178191612,-0.9997978773111632,-0.6664804245824313,-0.3292360946914778
20.150000000000002,0.9128199232549788,-0.9172548304271743,-0.927797189622308,-0.31074403226483444
20.200000000000003,0.9998665659160457,-0.6678845165920979,-0.9970634545049755,-0.22169380172700923
20.25,0.9256726209293503,-0.2970415815770456,-0.8599413650490344,-0.0771034418989099
20.3,0.7022027600794636,0.12782629130861847,-0.5448146738214765,0.0950714591888685
20.35,0.365494203644889,0.5294455422016577,-0.11691341098417891,0.25934211162078924
20.400000000000002,-0.03015471762085165,0.8347709935146992,0.33518848460536893,0.3799349201664055
20.450000000000003,-0.4209408256320214,0.9882710646187906,0.717907634875735,0.4284126246208347
20.5,-0.7438451298070144,0.9620276715860887,0.9520226269456701,0.3900683895749148
20.55,-0.9467954021766658,0.7608138757185724,0.9890725451924026,0.2676970062447697
20.6,-0.9970634545049748,0.4212257749858704,0.82138819702766,0.08185017250285183
20.650000000000002,-0.8865429548336371,0.0050265270788109025,0.4836796066827777,-0.13261227369068282
20.700000000000003,-0.63305667164157,-0.41208692890543375,0.045851171809065706,-0.3330974762459793
20.75,-0.2774823366740291,-0.7542513807360983,-0.40146828176697896,-0.47773399972570213
20.8,0.12283938414717221,-0.9592350925278537,-0.765685323336431,-0.5340270105723709
20.85,0.503351767241335,-0.9897563065037404,-0.9714084063612728,-0.48593764854122606
20.900000000000002,0.8026925845384631,-0.8402639254738371,-0.9760536327324094,-0.33787499122259446
20.950000000000003,0.9725895055763791,-0.5379471279847584,-0.7786594582051332,-0.11467236020450415
21.0,0.9856445951490003,-0.13779029068464532,-0.42008572841183217,0.14258952535084093
21.05,0.8397525620242382,0.2874273877741151,0.025444154248535,0.3842080346822961
21.1,0.5584402626407879,0.6603687260506003,0.46570719346058237,0.5615053940506568
21.150000000000002,0.1870727107028308,0.9132043902084903,0.8095706095316081,0.6366159034809763
21.200000000000003,-0.21446258044635932,0.9999494680510518,0.9858559792233202,0.5904476222760042
21.25,-0.5814131843198319,0.9048270524660219,0.9580728994623284,0.4271622558695061
21.3,-0.8546038739191525,0.6451376929751028,0.7319723624090765,0.17416872715500895
21.35,-0.9899793434340618,0.2681128291554206,0.35435632188771765,-0.12250339746364115
21.400000000000002,-0.9657086596162803,-0.15767550697183427,-0.09661013358810289,-0.4066647667254058
21.450000000000003,-0.7857057640404085,-0.5547863447413119,-0.5275786577451417,-0.622690255508954
21.5,-0.47899830264477083,-0.8509944817946894,-0.8493404002632979,-0.7264443949009194
21.55,-0.09504656642933595,-0.9924265643876858,-0.9952919005229601,-0.6942550104466606
21.6,0.3042325792099041,-0.9533593943255064,-0.9352217514007479,-0.5281161888387834
21.650000000000002,0.6544505385612915,-0.7408983789527502,-0.6815642459862473,-0.25600402879256867
21.700000000000003,0.8991304261127219,-0.393685223227006,-0.28682552606168116,0.07287322560801159
21.75,0.9988146480219201,0.025130095443333958,0.16728499014995865,0.39707657787173756
21.8,0.9374279167777994,0.4393748356855887,0.5867681477249891,0.6545236333961257
21.85,0.7248695859110835,0.7737075377755084,0.8847925236747458,0.7944565491204459
21.900000000000002,0.39541725940083844,0.9673208785005696,0.9996682022499498,0.7874687800504526
21.950000000000003,0.0021991130849769967,0.9850011054694225,0.9076163535802113,0.6316055240448702
22.0,-0.39137366683719427,0.8235325976284288,0.627691361290711,0.3532834306939818
22.05,-0.7218327052044119,0.5122827117558768,0.21783663734369133,0.0027622146317187457
22.1,-0.935887481705038,0.10786054499304726,-0.23710944452334135,-0.35504546041177737
22.150000000000002,-0.9990190723863025,-0.3161789400287279,-0.6429747704643469,-0.6527242609597924
22.200000000000003,-0.9010467440108181,-0.6827128478839922,-0.9157467570017002,-0.8331687829655033
22.25,-0.6577697205340524,-0.9250772068344576,-0.9989626372405499,-0.86060318820302
22.3,-0.30841936698382216,-0.9991915909518143,-0.8753970395159977,-0.727669332483878
22.35,0.09066734306600244,-0.8915763218152649,-0.5706275740112147,-0.4571788509201591
22.400000000000002,0.4751328464720877,-0.6218041077243079,-0.14774036443678001,-0.09813720856300008
22.450000000000003,0.7829774266595534,-0.23894022441608853,0.3057285403624675,0.2832552475353108
22.5,0.9645574184577965,0.18738131458572493,0.6959127965922998,0.615950509878607
22.55,0.9905908500711329,0.5796225614451083,0.9420457427446078,0.8374197180869496
22.6,0.8568795155039516,0.866443978850943,0.993178792272197,0.9055007622090305
22.650000000000002,0.5849859860990103,0.9956794385021456,0.8387275978131691,0.806464340804775
22.700000000000003,0.21875638488241225,0.9438240235407294,0.5106629709603381,0.5577477931278266
22.75,-0.18275033155385442,0.7203090248879059,0.07689304549088556,0.20481724627497902
22.8,-0.5547863447412883,0.36578660932532564,-0.37279344882608645,-0.1872643947473497
22.85,-0.8373563438680461,-0.05526386179694059,-0.7453131128236602,-0.545977772829549
22.900000000000002,-0.9848924959212425,-0.4662631249899417,-0.9635557886038448,-0.8049038031716763
22.950000000000003,-0.9736028103820689,-0.7924599971332061,-0.9823460698299177,-0.9161362924483974
23.0,-0.8053078857111245,-0.9745268727865779,-0.7977944395385874,-0.8592097326787633
23.05,-0.5071473158073176,-0.9793500323380183,-0.4481023854026776,-0.6448665778493379
23.1,-0.1272031019531638,-0.8060522555218386,-0.005654836638431717,-0.312970064704478
23.150000000000002,0.27325415194927033,-0.48615236733182865,0.4379632418675391,0.0750216754949936
23.200000000000003,0.629645865969262,-0.07783269864745004,0.7909245900105145,0.44757925244410884
23.25,0.884499561917938,0.34464292317452094,0.980167547111583,0.7364366774013473
23.3,0.9967169961898747,0.7044360329617101,0.9665195386372502,0.889224189262945
23.35,0.948201749059529,0.9361086529760204,0.7528056505900903,0.8790386842085466
23.400000000000002,0.7467774914284342,0.9975249353131287,0.3832638474186527,0.7091887580534051
23.450000000000003,0.42492632318278767,0.8775146901972835,-0.06561211887834159,0.4122762981672432
23.5,0.03455064137447398,0.5979049830575145,-0.5009066253606804,0.04384966635710267
23.55,-0.3613967496085765,0.20955030024562957,-0.8325153597706895,-0.32812060304454543
23.6,-0.699064539825632,-0.2169166963084221,-0.9917965715056097,-0.635925935879888
23.650000000000002,-0.9239997104636574,-0.6039316034312954,-0.945779653711392,-0.8245703225354483
23.700000000000003,-0.9999287423025169,-0.8811054331526902,-0.7039899338808526,-0.86167470311202
23.75,-0.9146071597986194,-0.998026728428272,-0.31647696718162155,-0.7430369518028376
23.8,-0.6817941009919007,-0.9334302317830718,0.13654553168190467,-0.4928929336976893
23.85,-0.33903348993554544,-0.6990645398256278,0.5613036232513998,-0.15893146883659115
23.900000000000002,0.058400375545913485,-0.33755530745508283,0.8698739932032188,0.19690635376468313
23.950000000000003,0.4464164735043163,0.08534736490567721,0.9983837450188539,0.5100491944762825
24.0,0.7624425110114484,0.4927273415482984,0.9202318473658861,0.7251338999752109
24.05,0.9555154638632478,0.8104917031886304,0.6515954467159281,0.8058675379226021
24.1,0.9944999811659756,0.9808465214346562,0.24808125936681244,0.7411425873224814
24.150000000000002,0.8731093375771203,0.9728082268385069,-0.2067848079771076,0.5463775854795065
24.200000000000003,0.6109192438709249,0.7878387977664326,-0.6188472041727483,0.25997027915486975
24.25,0.25021102660210565,0.45957986062150497,-0.9028105756982868,-0.0643398961582254
24.3,-0.15084674763818473,0.04773406238850498,-0.9998955814026949,-0.3676694222174582
24.35,-0.5275786577451417,-0.37279344882608645,-0.8900059932397352,-0.5967926999369878
24.400000000000002,-0.8192321226824537,-0.7255185237471969,-0.5958885392711162,-0.713546395233589
24.450000000000003,-0.9787744906153055,-0.9462886953806734,-0.1784244172105955,-0.7011625344021915
24.5,-0.9804776233729495,-0.9949510169813018,0.27597288264872744,-0.566485252568508
24.55,-0.8240668701809271,-0.8626549468600938,0.6732448422555272,-0.3378256582618313
24.6,-0.5347653584232358,-0.5734620555583604,0.9311576723783863,-0.05902324720106996
24.650000000000002,-0.15922645901288635,-0.17996978718559004,0.9963243951560696,0.21904271631919778
24.700000000000003,0.24198963443063934,0.24625478930264555,0.8552557460779339,0.44783338993707295
24.75,0.6041819699144805,0.6276913612906874,0.5371524005879231,0.5896752439310303
24.8,0.8689426488193057,0.8949655099049099,0.10786054499309111,0.6239229012391022
24.85,0.993575806608877,0.9994662992734908,-0.3437580344212079,0.54976135715372
24.900000000000002,0.9579828378418009,0.9221874723495488,-0.7242200041991615,0.38531676866406267
24.950000000000003,0.7679035396027932,0.6771842459182648,-0.9547711792624485,0.16343886875286984
25.0,0.45399049973956723,0.30901699437496216,-0.9876883405951418,-0.07489361549353746
25.05,0.06686599600719308,-0.11535324340829876,-0.8161577606192487,-0.28821500267345146
25.1,-0.33104145902826404,-0.5187434157905543,-0.47568561896660483,-0.44182349792847436
25.150000000000002,-0.6755644713700195,-0.8277862558563293,-0.03674835793012913,-0.5133663617188259
25.200000000000003,-0.9111445346515048,-0.9862740766371446,0.40979567385255955,-0.4958743124786967
25.25,-0.9997915118519811,-0.9653816388332778,0.77151355504331,-0.39788653188064965
25.3,-0.9272100047810939,-0.7689087897533968,0.9735310558261338,-0.24086257956945237
25.35,-0.7051046600901072,-0.4325893596863229,0.974031319564844,-0.05455423340386201
25.400000000000002,-0.3692926533087394,-0.017592011341096125,0.7729107935624673,0.12867537630421058
25.450000000000003,0.02607226429425735,0.4006049136919317,0.4118006640768058,0.2794926140209983
25.5,0.4172327136617465,0.7459411454241736,-0.0345506413744397,0.37620773923716017
25.55,0.7411093371368965,0.9556080751593898,-0.47375009507307675,0.40765577240773654
25.6,0.9454731084928985,0.9914721769705636,-0.8148850754945699,0.3740200699896306
25.650000000000002,0.997367895671104,0.8470106069452494,-0.987341935234253,0.28567885579403346
25.700000000000003,0.8884250360262089,0.5484975564066613,-0.955422758261518,0.16049994472378412
25.75,0.6362128844847533,0.1502255891207686,-0.7257346931761056,0.02023459347647209
25.8,0.281403703639257,-0.2753689101680194,-0.34582229850130813,-0.11326250167669018
25.85,-0.11878523095313612,-0.6508802251957487,0.10567400064697606,-0.22133048516730291
25.900000000000002,-0.49981860909866915,-0.9080116031765981,0.5352961823643276,-0.2908446766369799
25.950000000000003,-0.8002501859683223,-0.9999968417282541,0.8541140841106022,-0.31537764786199135
26.0,-0.9716317329146698,-0.9101059706849999,0.9961336091431688,-0.2952013648188336
26.05,-0.986325900831761,-0.654688043595024,0.9319572543011644,-0.23635223004187347
26.1,-0.841963077262565,-0.2801976260743922,0.6748692816878868,-0.14909714054969012
26.150000000000002,-0.5618235150930885,0.14525420654438015,0.27808592678784794,-0.04616112725362013
26.200000000000003,-0.19108310995517822,0.5442876857382241,-0.17626016048913265,0.05898147176463774
26.25,0.21047175982130292,0.8443279255020102,-0.5941210629020041,0.153559540807103
26.3,0.5780855104588002,0.9908046019577003,-0.8890011581293517,0.2266296514290496
26.35,0.8524759745154377,0.9570770229065705,-0.9998613846086761,0.2698972042711107
26.400000000000002,0.9893943680257954,0.7492794485861557,-0.9037540958273248,0.27830657359487543
26.450000000000003,0.9667609425694704,0.4052054127593648,-0.6205731361358238,0.2504644063976705
26.5,0.7882256119904499,-0.012566039883344725,-0.20893589040242905,0.1889078939015587
26.55,0.4825793596056448,-0.42805202286094857,0.2459502923846647,0.10015920970978698
26.6,0.09911134361560148,-0.7656853233364391,0.6499256972618899,-0.005549427486315928
26.650000000000002,-0.3003395763257295,-0.9640583162076737,0.9193689472454556,-0.11500964842931587
26.700000000000003,-0.6513571038210627,-0.9870915793339109,0.9985063112849456,-0.213314123956676
26.75,-0.8973354133158783,-0.8305958991958163,0.8709566551035111,-0.2856582191360612
26.8,-0.9986075247115421,-0.5230341911589186,0.5631222738778537,-0.31950648066420234
26.85,-0.9388420840949939,-0.1203447588097063,0.13872371725094698,-0.3068210418845844
26.900000000000002,-0.7276769922567377,0.30423257920990876,-0.3143901228233666,-0.24594484529006513
26.950000000000003,-0.3991651765166322,0.6734771045547377,-0.7024263996025027,-0.14270482385479907
27.0,-0.0062831439655724,0.920231847365868,-0.9450630751797968,-0.01037145725983372
27.05,0.3876121216106185,0.9996178732568781,-0.9920752777596507,0.13171823903594868
27.1,0.7190002403350325,0.8971967150818844,-0.8337316596726003,0.2608217652481055
27.150000000000002,0.9344408664414717,0.631596393462313,-0.5028087494428276,0.3544095034869857
27.200000000000003,0.9991915909518138,0.2511234141665636,-0.06780633466831654,0.3941695568166869
27.25,0.9028105756983049,-0.17502305897527204,0.3812317342691233,0.36967308366405205
27.3,0.6608404261318049,-0.5693369185252659,0.7513562797974602,0.28095326246799973
27.35,0.31230175804176047,-0.8601016672488926,0.9659529244597552,0.13938433841754103
27.400000000000002,-0.08659934910429126,-0.9944339768210317,0.9806009765354327,-0.03347744979663014
27.450000000000003,-0.4715352628780674,-0.9479019322211759,0.7922683447884487,-0.20905628343693153
27.5,-0.7804304073383229,-0.7289686274214136,0.4399391698559432,-0.3564866216345978
27.55,-0.9634717011079026,-0.37745292591824786,-0.0034557450407123,-0.44812679068895417
27.6,-0.9911415197583892,0.042712662121145925,-0.44613533381768167,-0.464854730484975
27.650000000000002,-0.8589777700751513,0.455109812808667,-0.7964666001855878,-0.4001115191506907
27.700000000000003,-0.5882934566041076,0.7847330998817201,-0.9819323004199897,-0.2618308857141257
27.75,-0.22273970166387363,0.9716317329146738,-0.9641417378358611,-0.07174990219502035
27.8,0.178733526547168,0.9818132082853457,-0.7467774914284525,0.13792308113468701
27.85,0.551383809942147,0.8134257530149623,-0.3748331359852091,0.32999214232396673
27.900000000000002,0.8351167792022272,0.4970951190971366,0.07470025728512407,0.46897071852816263
27.950000000000003,0.9841770583021798,0.09035447327991347,0.508770980551743,0.5277675040446121
28.0,0.9745268727865792,-0.3328195445229864,0.837528040042121,0.4930784561019046
28.05,0.807722431890223,-0.695461447194051,0.9929199710487217,0.3683936519149646
28.1,0.5106629709603204,-0.9316151279920301,0.942781233080552,0.17394302534961412
28.150000000000002,0.13125292412785364,-0.9983297385364156,0.6974903547770098,-0.056528819877184056
28.200000000000003,-0.26932324560372123,-0.8834714466863147,0.3078216178336182,-0.28165769148547265
28.25,-0.6264677816866738,-0.6079302976946045,-0.14556502677902053,-0.4599877020534329
28.3,-0.8825868042612469,-0.22182080204841859,-0.5688202628134089,-0.5577426230410248
28.35,-0.9963780204861054,0.20463272551897527,-0.8743318613429444,-0.5553590521033581
28.400000000000002,-0.9494912192443876,0.5938683315288622,-0.9988600799350678,-0.4514943225501977
28.450000000000003,-0.7494874648249192,0.8750931346611855,-0.9166280495371391,-0.2636741265669576
28.5,-0.42861978377513404,0.9971589002606139,-0.6446574886276255,-0.02537279071404856
28.55,-0.03863197393089773,0.937864711648686,-0.23924527203529708,0.21999582189416375
28.6,0.3575857093693812,0.7079947992312429,0.2156898086791845,0.42709010575993617
28.650000000000002,0.6961383682768177,0.34935714043264826,0.6259779168667192,0.5571578085253951
28.700000000000003,0.9224302881902667,-0.07282043660337163,0.9066909698953509,0.5854336071607487
28.75,0.99996915764479,-0.48175367410171827,0.9997224302180019,0.5059793045870246
28.8,0.9162508952933659,-0.8030671508443984,0.8858151383119589,0.3329996275869755
28.85,0.684776084392338,-0.9783214371534067,0.5885474716791153,0.09833403963934884
28.900000000000002,0.3428728403199258,-0.9756418645761614,0.16945271010946178,-0.15443877138225795
28.950000000000003,-0.054322799904362284,-0.7955157848875786,-0.2847181199087412,-0.3781855682335607
29.0,-0.442758231038898,-0.4707039321653283,-0.6799533787223814,-0.5311385139755359
29.05,-0.7597935376046274,-0.060282009109932824,-0.9344408664414647,-0.5848388043853417
29.1,-0.9543029385440541,0.36110380586789304,-0.995502638093771,-0.5295672569233107
29.150000000000002,-0.9949194383203471,0.7168132580507456,-0.8504991384861615,-0.37620177291858764
29.200000000000003,-0.8750931346611722,0.9421510918042689,-0.5294455422016452,-0.15412919501951616
29.25,-0.6141474695900025,0.9961336091431718,-0.09879872627487968,0.09439580442609653
29.3,-0.2541630904796508,0.8689426488193003,0.35229905135807743,0.32235953656590893
29.35,0.14680816374414904,0.5837112809325142,0.7304722612352117,0.4869972353039584
29.400000000000002,0.5241048243766429,0.19231644084995939,0.9574404828990454,0.5579539160418826
29.450000000000003,0.8168832375226834,-0.2340562757751673,0.9862221551011765,0.5230163722828975
29.5,0.9779293398307156,-0.6178596130903177,0.8108595808324076,0.3903097691909352
29.55,0.9812724977585573,-0.8892886927923901,0.4676521480126436,0.1865453176596036
29.6,0.8263735866196825,-0.9989768939209823,0.027642493834629942,-0.04832027115555662
29.650000000000002,0.5382119309654128,-0.926974490179703,-0.41808905175016176,-0.2689505369881507
29.700000000000003,0.1632570861135435,-0.6863770400018322,-0.7772777489657788,-0.4334659009513559
29.75,-0.2380249401842484,-0.32094360980722836,-0.9755728994885597,-0.5115138164933455
29.8,-0.6009225634642793,0.1028619798936559,-0.9719281590715471,-0.4899962475473902
29.85,-0.866914148912136,0.5079593737806332,-0.7670979751606479,-0.37535091676405025
29.900000000000002,-0.993105333410794,0.8206708011521731,-0.4034814191341563,-0.1919719837975924
29.950000000000003,-0.9591462608513212,0.9841213445455459,0.04365426070046386,0.022876448131562865
30.0,-0.7705132427758069,0.968583161128636,0.48175367410170794,0.22660786415151235
30.05,-0.45762563684761526,0.7768822841768278,0.8201319037155129,0.37979618368157514
30.1,-0.07094035718643553,0.443884633512146,0.9887459391011053,0.45389673847560524
30.150000000000002,0.3271849138401963,0.03015471762082911,0.9526933142976618,0.4366776485862291
30.200000000000003,0.6725476567701453,-0.3890596383185981,0.7194367859323143,0.33430826812795383
30.25,0.9094539485141185,-0.7375131173581623,0.3372595708961796,0.16973346735071196
30.3,0.9996997816571639,-0.9518301561981066,-0.11472909646799791,-0.02228649033631355
30.35,0.928731923133189,-0.993031482487133,-0.5429692759021452,-0.20242294508536307
30.400000000000002,0.7079947992312429,-0.8536235356229516,-0.8588168740983434,-0.33481520349668403
30.450000000000003,0.37308494331580155,-0.5589613707060221,-0.9968926358857604,-0.39425635442532697
30.5,-0.02198937609247992,-0.16263716519489943,-0.9286154021410228,-0.3710806478094674
30.55,-0.41351764241328304,0.26326694861885797,-0.6681183013502862,-0.2727896650482371
30.6,-0.738361183053362,0.6412889428080958,-0.26932324560376086,-0.12213182861634235
30.650000000000002,-0.9441350446880672,0.9026754305865721,0.18522070074165414,0.04792036221338634
30.700000000000003,-0.9976557011314485,0.9998863043118167,0.6014246643679674,0.20121842251611186
30.75,-0.89029229863723,0.9152411726209234,0.8931360029996341,0.30602829232777584
30.8,-0.6393584855462355,0.6641350113834555,0.9999715756739829,0.34158270050373424
30.85,-0.2853203769009469,0.29223817654005263,0.8998168239549813,0.30224487453136234
30.900000000000002,0.11472909646800959,-0.1328099687939006,0.6134034016737245,0.19844084311594448
30.950000000000003,0.4962771141774056,-0.5337030773999749,0.20001780119747586,0.05419727932496885
31.0,0.7977944395385573,-0.8375280400421343,-0.2547707256833611,-0.09816810872897937
31.05,0.9706577538162952,-0.9890261799952984,-0.6568226784074931,-0.22506370152883212
31.1,0.9869907549848855,-0.9606435179309287,-0.9229148272933597,-0.2988558634131343
31.150000000000002,0.8441595488865992,-0.7575421983086881,-0.9979671065108005,-0.3037832519776298
31.200000000000003,0.5651973965492496,-0.4166616156597586,-0.8664439788509435,-0.23930273265381752
31.25,0.19509032201613555,-1.224708697211012e-14,-0.555570233019623,-0.12015997033449992
31.3,-0.20647742860977206,0.416661615659788,-0.1296955556083105,0.026829543813901808
31.35,-0.5747481943579399,0.7575421983087092,0.3230256100240757,0.16860653799161499
31.400000000000002,-0.8503338561464223,0.9606435179309377,0.7088816992555281,0.2730637870133478
31.450000000000003,-0.988792889907062,0.9890261799952935,0.9480019647346234,0.31607841827428496
31.5,-0.9677971003288708,0.8375280400421478,0.9908894182223424,0.2868734526452065
31.55,-0.7907323126460502,0.5337030773999475,0.8286665194707601,0.19054576140821913
31.6,-0.4861523673318492,0.13280996879386855,0.49491279339180955,0.047190131617942964
31.650000000000002,-0.10317446766348201,-0.2922381765400836,0.05871399573018791,-0.11223288282445922
31.700000000000003,0.29644156389505155,-0.6641350113834797,-0.38963837641121846,-0.25244394129988224
31.75,0.6482528046994874,-0.9152411726209135,-0.7573370820970589,-0.3414418166728283
31.8,0.8955254333159061,-0.9998863043118161,-0.968269883519345,-0.3575435848384183
31.85,0.9983837450188545,-0.9026754305865581,-0.9787744906153006,-0.2943553920610014
31.900000000000002,0.9402405918940042,-0.641288942808071,-0.7866764895482592,-0.16257494682077533
31.950000000000003,0.7304722612352063,-0.2632669486188267,-0.43173943812674626,0.011821958163211096
32.0,0.4029064357136792,0.16263716519487528,0.012566039883317285,0.1927032135972906
32.050000000000004,0.010367070045759435,0.5589613707060489,0.45427039528648683,0.3411996120127651
32.1,-0.3838441111656998,0.8536235356229684,0.8019425014036448,0.42390730862030446
32.15,-0.7161557828232704,0.99303148248713,0.983615550599125,0.42016375008766155
32.2,-0.932978665070317,0.9518301561980967,0.9616839105717027,0.32684513389982744
32.25,-0.9993474433930195,0.7375131173581789,0.740687347644901,0.15961767387002013
32.300000000000004,-0.9045593488590256,0.38905963831856827,0.3663713123523112,-0.04970946606271537
32.35,-0.6639001091701313,-0.030154717620861447,-0.08378219536150282,-0.25927900738416515
32.4,-0.3161789400287176,-0.4438846335121241,-0.5165931063273796,-0.42555222662274045
32.45,0.08252991069936201,-0.7768822841768481,-0.8424712031421001,-0.5122745255398621
32.5,0.46792981426053437,-0.9685831611286297,-0.9939609554551749,-0.4982047674410901
32.550000000000004,0.7778703707436645,-0.98412134454554,-0.9397045589686299,-0.3819851775901684
32.6,0.9623699134274628,-0.8206708011521546,-0.690932882021505,-0.1830779232487323
32.65,0.9916756575933757,-0.5079593737806543,-0.2991407184297774,0.06152518846098135
32.7,0.8610616972336621,-0.10286197989362372,0.15457243957152209,0.3042573856371868
32.75,0.5915911146048105,0.32094360980720515,0.5762896887014957,0.49627480437117044
32.800000000000004,0.22671930323431336,0.6863770400018556,0.8787171574910243,0.5972711669090645
32.85,-0.17471374033530496,0.9269744901797046,0.9992535066689541,0.5838380855044513
32.9,-0.5479720782770345,0.9989768939209833,0.9129481690147438,0.4546509948862309
32.95,-0.8328632851156694,0.8892886927923882,0.6376660221634232,0.231363809946714
33.0,-0.9834452049953273,0.617859613090337,0.23038942667663817,-0.04506538840945071
33.050000000000004,-0.9754346804646123,0.2340562757751082,-0.22457690652345003,-0.3219851037376514
33.1,-0.8101235055755799,-0.19231644084999117,-0.6330566716415723,-0.5451655393557145
33.15,-0.5141701084550666,-0.5837112809325175,-0.9104961062041542,-0.669459165197246
33.2,-0.13530055705515873,-0.8689426488193163,-0.9994662992734904,-0.6679031683826552
33.25,0.2653878470519145,-0.9961336091431722,-0.8815507582484349,-0.5374321734465641
33.300000000000004,0.6232792481669702,-0.9421510918042485,-0.5811575529996656,-0.3000097988789813
33.35,0.8806593254024111,-0.716813258050723,-0.16046693795908235,0.001126376464201902
33.4,0.9960224255872767,-0.36110380586788937,0.29343972476782754,0.3094527814957383
33.45,0.9507648522876689,0.06028200910996511,0.6866054771557527,0.5658841128511289
33.5,0.7521849370641374,0.4707039321653318,0.9376464992972163,0.7201784561755619
33.550000000000004,0.43230609515734586,0.7955157848876154,0.9945982515262113,0.7408067105237243
33.6,0.04271266212115865,0.9756418645761685,0.8456719370854309,0.6213421545942527
33.65,-0.3537687047406366,0.9783214371534058,0.52169473835358,0.38208249025544977
33.7,-0.6932005854127304,0.8030671508443791,0.0897287069857763,0.06653175747247497
33.75,-0.9208454801410279,0.4817536741017149,-0.3608108264875868,-0.26663421084229993
33.800000000000004,-0.9999928938932474,0.07282043660331103,-0.736663887029091,-0.5546121147730091
33.85,-0.9178793480821281,-0.34935714043267857,-0.9600303162958043,-0.7424222682702036
33.9,-0.6877466459959668,-0.7079947992312455,-0.98467411040803,-0.7934718518784142
33.95,-0.34670647171967556,-0.9378647116486972,-0.8054940974307885,-0.6966884269330538
34.0,0.050244318179761056,-0.9971589002606138,-0.45957986062154327,-0.4688314809007987
34.050000000000004,0.43909260353966034,-0.8750931346611561,-0.01853433533474592,-0.15151162215208056
34.1,0.7571318911392825,-0.5938683315288361,0.4263477270863374,0.1965370955655946
34.15,0.9530744958256817,-0.20463272551897144,0.7829774266595192,0.5104730656554098
34.2,0.9953223006082408,0.22182080204845012,0.977533767869812,0.7315589568421675
34.25,0.8770623355345663,0.6079302976946077,0.969744325820746,0.81824565301664
34.300000000000004,0.6173654515698551,0.8834714466863431,0.7612214854798531,0.7540194612453505
34.35,0.2581109150164142,0.9983297385364175,0.3951286841043688,0.5505231125524002
34.4,-0.14276713114739742,0.9316151279920286,-0.05275425660058145,0.2453645800813499
34.45,-0.5206222491449894,0.6954614471940277,-0.4897172662270158,-0.10495935605932584
34.5,-0.8145207270704894,0.3328195445229827,-0.8253106586929927,-0.43567061374683314
34.550000000000004,-0.9770678775678615,-0.09035447327997399,-0.9900678742876307,-0.6858300750451555
34.6,-0.9820510049033125,-0.49709511909716475,-0.9498847941222575,-0.8096769727075782
34.65,-0.828666519470742,-0.8134257530149647,-0.7130791634217292,-0.7850571453024786
34.7,-0.5416495263434238,-0.9818132082853519,-0.328668849802716,-0.6173771948104972
34.75,-0.16728499015001566,-0.9716317329146728,0.12377466945292766,-0.3383806845372536
34.800000000000004,0.23405627577515586,-0.7847330998816825,0.5505973014704257,-2.650754536696424e-05
34.85,0.5976531338611059,-0.45510981280863827,0.8634483798817761,0.3353305669780813
34.9,0.8648711892165587,-0.042712662121142,0.9975689177493793,0.6065758149482653
34.95,0.9926182956047916,0.3774529259182778,0.925196472303416,0.7650892312754952
35.0,0.9602936856769443,0.7289686274214162,0.6613118653236661,0.7835247261406755
35.050000000000004,0.7731100940897407,0.9479019322211952,0.26053820983640175,0.660516745382446
35.1,0.46125314093928865,0.9944339768210285,-0.1941658671575469,0.42050708353425675
35.15,0.0750135351083391,0.8601016672488905,-0.6086783459034019,0.10881228548460924
35.2,-0.32332291133596613,0.5693369185252393,-0.8971967150818827,-0.21706090263086986
35.25,-0.6695196243388031,0.17502305897526818,-0.9999987662997035,-0.49816511055441276
35.300000000000004,-0.9077481930411582,-0.2511234141666224,-0.8958048647677286,-0.6848921573251697
35.35,-0.9995913768616174,-0.6315963934623382,-0.6061827530124859,-0.7457901744454803
35.4,-0.9302383506006544,-0.8971967150818863,-0.1910831099552523,-0.6728393918792643
35.45,-0.7108731292964816,-0.9996178732568791,0.26357001229875193,-0.4823069967515363
35.5,-0.3768710104121903,-0.9202318473658666,0.6636651414324392,-0.2111459054485392
35.550000000000004,0.017906121116608775,-0.6734771045546929,0.92638410282751,0.09027103979647533
35.6,0.40979567385253807,-0.30423257920987795,0.9973450676736239,0.367636054105428
35.65,0.7356007133945444,0.1203447588097102,0.8618593853230833,0.5726016191757792
35.7,0.942781233080552,0.5230341911589461,0.5479720782770746,0.6712625008388575
35.75,0.9979268660855297,0.8305958991958186,0.12065662887152744,0.6497264647176252
35.800000000000004,0.8921447115214527,0.9870915793339206,-0.331634285195149,0.5158673352200748
35.85,0.6424934223586669,0.964058316207665,-0.7152781597433974,0.2970911929409782
35.9,0.28923229113055066,0.7656853233364367,-0.9508621674730108,0.03468514899799221
35.95,-0.1106710483464987,0.4280520228609193,-0.9896213120899363,-0.2240801125251719
36.0,-0.4927273415482924,0.012566039883340797,-0.823532597628446,-0.4345646330977992
36.050000000000004,-0.7953253862101083,-0.40520541275942035,-0.486975758193736,-0.5625021857210882
36.1,-0.9696675845268455,-0.7492794485861771,-0.049616783366079956,-0.5895212721597008
36.15,-0.9876391465188713,-0.9570770229065716,0.3980126774774663,-0.5155678306493255
36.2,-0.8463419402600696,-0.9908046019576959,0.7632550232991628,-0.3579638396395342
36.25,-0.5685618507342737,-0.8443279255020081,0.9705064734685339,-0.1474611009225826
36.300000000000004,-0.1990942800469197,-0.5442876857381731,0.9768667636729704,0.07782826596262586
36.35,0.20247965343561872,-0.14525420654434812,0.7810193379576028,0.27941492828295783
36.4,0.5714012916823301,0.28019762607439597,0.4235038708158473,0.4250342628575245
36.45,0.8481775545418165,0.6546880435950483,-0.02167529170946948,0.4937301021424651
36.5,0.9881749191102766,0.9101059706850015,-0.46236775104095684,0.47863771291810703
36.550000000000004,0.9688171156117472,0.999996841728254,-0.8073518391495405,0.38715403939682025
36.6,0.793225824196442,0.9080116031765845,-0.9852171579345597,0.23867342314615567
36.65,0.48971726622706446,0.6508802251957457,-0.9591462608513402,0.060483743523823276
36.7,0.10723587080166015,0.27536891016798837,-0.7345357247383774,-0.11731031458957629
36.75,-0.2925386069352177,-0.15022558912077252,-0.35787907887513637,-0.2668810916437089
36.800000000000004,-0.6451376929751237,-0.5484975564067122,0.09285717928116984,-0.3669260233668887
36.85,-0.8937005163024996,-0.8470106069452666,0.5243723534294038,-0.4054462566061208
36.9,-0.9981433126764101,-0.991472176970564,0.8473444387742083,-0.3807570169575887
36.95,-0.9416234168482968,-0.9556080751593803,0.9949194383203431,-0.3007706845624446
37.0,-0.7332553462225562,-0.745941145424171,0.9365498867482085,-0.1808822016328396
37.050000000000004,-0.4066409745891636,-0.400604913691876,0.684318059902951,-0.040975942792696195
37.1,-0.014450823207307787,0.017592011341128467,0.29043498950904645,0.09785872588095572
37.15,0.3800696983513501,0.43258935968632645,-0.16356702241885265,0.2163640118729413
37.2,0.7132993801136617,0.7689087897534175,-0.5837112809324982,0.2994989629781936
37.25,0.9315009019805095,0.9653816388332788,-0.8830295176555777,0.3379510077194035
37.300000000000004,0.9994866271103572,0.9862740766371346,-0.9995639925649916,0.3287322370608334
37.35,0.9062930343242013,0.8277862558563112,-0.9091925112390837,0.2749622596471429
37.4,0.6669487186147385,0.5187434157905996,-0.6306216276346276,0.18502350225690345
37.45,0.3200508482747902,0.11535324340826662,-0.2215144583506764,0.07129654444412681
37.5,-0.07845909572782475,-0.30901699437491187,0.23344536385585396,-0.05134357541562756
37.550000000000004,-0.46431656075708455,-0.6771842459183094,0.6400828809408264,-0.16713930857818918
37.6,-0.7752973595759142,-0.9221874723495392,0.9142256687877928,-0.26108638771255355
37.65,-0.9612520737938718,-0.9994662992734926,0.9991272098287518,-0.32053038774620424
37.7,-0.9921932546668716,-0.8949655099049207,0.8772132070045633,-0.3366485191890764
37.75,-0.8631312622203805,-0.6276913612907286,0.5737193966167705,-0.30570107563144616
37.800000000000004,-0.5948789050974527,-0.24625478930258668,0.15146784660372384,-0.2298886159321052
37.85,-0.2306951232156469,0.17996978718556592,-0.30213697330850864,-0.11762076977952989
37.9,0.17069103996664067,0.5734620555583171,-0.6932005854127078,0.016984170037416663
37.95,0.54455120665237,0.8626549468600814,-0.9407743048692011,0.15547728288108342
38.0,0.8305958991957869,0.9949510169812965,-0.993611310520015,0.2773118685523562
38.050000000000004,0.9826969482077268,0.9462886953806722,-0.8407745425469838,0.36273703368047167
38.1,0.9763262182743045,0.7255185237472137,-0.5139006323820197,0.3959813698798329
38.15,0.8125110667182434,0.3727934488261356,-0.08065123996296601,0.3682177585271376
38.2,0.517668669793755,-0.04773406238848051,0.36929265330873573,0.27974242023800344
38.25,0.13934593322223196,-0.45957986062145795,0.7427943676584716,0.1408534800864152
38.300000000000004,-0.26144802193483846,-0.7878387977664526,0.9625404644892963,-0.028915451737331566
38.35,-0.6200803185935079,-0.9728082268385078,0.9830443350077207,-0.20328140347476498
38.400000000000006,-0.8787171574910361,-0.9808465214346499,0.8000617557646303,-0.3531673077203519
38.45,-0.9956502174245849,-0.8104917031886281,0.4514694268155992,-0.4515574979325379
38.5,-0.9520226269456814,-0.49272734154831965,0.009424638433210486,-0.4784417766869302
38.550000000000004,-0.7548698631532148,-0.08534736490564497,-0.4345710143678667,-0.42492941414224217
38.6,-0.4359851958432961,0.3375553074550865,-0.7886121150354188,-0.2956806678078761
38.650000000000006,-0.04679263788089113,0.6990645398256509,-0.9794134982123265,-0.1090471987558556
38.7,0.3499457993885111,0.9334302317830733,-0.9674800010766713,0.1052986766983044
38.75,0.6902512402344165,0.9980267284282734,-0.7552818122852295,0.3109987187924868
38.800000000000004,0.9192453127499293,0.8811054331526749,-0.3867431522878809,0.4712025312049077
38.85,0.9999999506519784,0.6039316034312922,0.061849873749804905,0.5552604759443586
38.900000000000006,0.9194924910029176,0.21691669630839056,0.49764021044856444,0.5446831325866243
38.95,0.6907057362549214,-0.2095503002456334,0.8304209105758514,0.4371921155283798
39.0,0.350534320191298,-0.597904983057495,0.9913076310695041,0.2479789894011024
39.050000000000004,-0.046164998399672384,-0.8775146901972989,0.9469974308503057,0.007772580751111498
39.1,-0.43541965214778294,-0.9975249353131289,0.706662353344714,-0.24209407803873265
39.150000000000006,-0.7544576160105972,-0.936108652976009,0.32005084827481245,-0.456838473570598
39.2,-0.9518301561980995,-0.7044360329617073,-0.13280996879386175,-0.5963587193178895
39.25,-0.9957085613100798,-0.3446429231745439,-0.558179625921531,-0.6328437034687182
39.300000000000004,-0.8790169073517622,0.07783269864748228,-0.8680082170330152,-0.556397475245765
39.35,-0.6205731361358484,0.48615236733183204,-0.9981623986007486,-0.377527722468255
39.400000000000006,-0.2620544343642017,0.8060522555218577,-0.9217007485690893,-0.12590097580381113
39.45,0.1387237172509111,0.9793500323380191,-0.6544505385612884,0.15454107034254724
39.5,0.5171309901381479,0.9745268727865835,-0.25173154866851954,0.4133087714187373
39.550000000000004,0.8121446307317027,0.7924599971331864,0.2030949172631292,0.6025665150426728
39.6,0.9761901181955542,0.4662631249899382,0.6158815054325512,0.6861115828726811
39.650000000000006,0.9828131318220156,0.05526386179690829,0.9011829573256291,0.6464199836481843
39.7,0.830945630488868,-0.3657866093253293,0.9999429542289403,0.4883673251308263
39.75,0.5450780872195484,-0.7203090248878888,0.8917185512694958,0.23882920453371848
39.800000000000004,0.17131010393830132,-0.94382402354074,0.5989117894860212,-0.057867376705472484
39.85,-0.23008370739901882,-0.9956794385021454,0.18213255828002708,-0.34787686254037903
39.900000000000006,-0.5943737356378338,-0.8664439788509268,-0.2723474218654198,-0.5777217121180601
39.95,-0.8628138038083838,-0.579622561445105,-0.6704525183931238,-0.7042962945488709
40.0,-0.9921147013144731,-0.18738131458574897,-0.9297764858882404,-0.7030908339294876
40.050000000000004,-0.961425093180074,0.23894022441611995,-0.996640246404368,-0.5730417050561073
40.1,-0.7756940502302041,0.6218041077243109,-0.8572032550539674,-0.3370310658532869
40.150000000000006,-0.46487295150926544,0.8915763218152797,-0.5403284403183185,-0.037875023337434754
40.2,-0.07908546183380663,0.9991915909518146,-0.11160768729684403,0.2694994806070547
40.25,0.31945551593212784,0.9250772068344668,0.3402154337922376,0.5282493855196108
40.300000000000004,0.666480424582451,0.6827128478839686,0.7216152501421059,0.6902695075361752
40.35,0.9060272966839328,0.31617894002872415,0.9536434459901623,0.7252832275676063
40.400000000000006,0.9994662992734921,-0.10786054499307943,0.9882710646187906,0.6266256062997344
40.45,0.9317292620568179,-0.5122827117558801,0.8183303202755557,0.41259229019216453
40.5,0.7137396022764255,-0.8235325976284149,0.4789983026447932,0.12306843576426794
40.550000000000004,0.3806507914477105,-0.9850011054694282,0.040515452670080956,-0.1879449537838789
40.6,-0.013822567473566815,-0.9673208785005686,-0.40635394237759626,-0.4624991294505772
40.650000000000006,-0.4060668700605152,-0.773707537775488,-0.76910961219807,-0.6496280066780243
40.7,-0.732827974203977,-0.43937483568558516,-0.9726625086640891,-0.7149551061845504
40.75,-0.9414116962513904,-0.025130095443358445,-0.9748779540551303,-0.6471399152499597
40.800000000000004,-0.9981813860104134,0.39368522322703575,-0.7752973595759128,-0.4599311741197634
40.85,-0.8939822437814074,0.7408983789527528,-0.41523315149822904,-0.18943900544229456
40.900000000000006,-0.6456176426324642,0.9533593943255161,0.03078274442574314,0.11284149870626499
40.95,-0.2931393810787896,0.9924265643876853,0.4704267289780269,0.38990463742897413
41.0,0.1066111542752281,0.8509944817947022,0.8126941644330686,0.5900999335009997
41.050000000000004,0.4891693504201711,0.5547863447412851,0.9867369894883661,0.6768975615499407
41.1,0.7928430671657486,0.15767550697183036,0.9565289993067551,0.6356825244814447
41.150000000000006,0.96866124156195,-0.2681128291554518,0.7283231333107806,0.476290515239093
41.2,0.9882710646187882,-0.6451376929751057,0.34935714043269966,0.2308301706921274
41.25,0.8485102149815275,-0.9048270524660115,-0.10192445579500342,-0.052747097759829144
41.300000000000004,0.5719168215303129,-0.999949468051052,-0.5321080761583868,-0.32004690755970866
41.35,0.20309491726313494,-0.9132043902084888,-0.852147342446339,-0.5207522717972309
41.400000000000006,-0.19847850098019465,-0.660368726050576,-0.995795340087471,-0.6182141890394138
41.45,-0.568044858257066,-0.2874273877741113,-0.9333174782658722,-0.5962632414323498
41.5,-0.8460071056678415,0.13779029068462106,-0.6776464374701392,-0.4619544174844532
41.550000000000004,-0.9875404659429631,0.5379471279847857,-0.2817051536712922,-0.24376616387648986
41.6,-0.969820971404687,0.8402639254738393,0.17254802874562938,0.014330327604927223
41.650000000000006,-0.7957061050508124,0.989756306503745,0.5910844234934888,0.2617115416488071
41.7,-0.4932739968300497,0.9592350925278526,0.8872685838986948,0.45107655986549916
41.75,-0.11129548528755082,0.7542513807361143,0.9997915118519802,0.5475824691001813
41.800000000000004,0.28863077054607544,0.4120869289054043,0.9053613879402655,0.5353596957972484
41.85,0.642011820606728,-0.00502652707881483,0.6235248897457009,0.4201700610912047
41.900000000000006,0.8918606927146105,-0.4212257749858997,0.21262110370462253,0.22775200714444446
41.95,0.9978862316945325,-0.760813875718575,-0.24229444456972654,-0.0017406961979229973
42.0,0.9429905358928735,-0.962027671586082,-0.6470559615694008,-0.22203103242086977
